GPS Time, Device Time, Longitude, Latitude,GPS Speed (Meters/second), Horizontal Dilution of Precision, Altitude, Bearing, G(x), G(y), G(z), G(calibrated), 0-100kph Time(s),Absolute Throttle Position B(%),Acceleration Sensor(Total)(g),Acceleration Sensor(X axis)(g),Acceleration Sensor(Y axis)(g),Acceleration Sensor(Z axis)(g),Accelerator PedalPosition D(%),Accelerator PedalPosition E(%),Accelerator PedalPosition F(%),Actual engine % torque(%),Air Fuel Ratio(Commanded)(:1),Ambient air temp(°C),Average trip speed(whilst moving only)(km/h),Average trip speed(whilst stopped or moving)(km/h),Barometric pressure (from vehicle)(psi),Catalyst Temperature (Bank 1 Sensor 1)(°C),Catalyst Temperature (Bank 1 Sensor 2)(°C),Catalyst Temperature (Bank 2 Sensor 1)(°C),Catalyst Temperature (Bank 2 Sensor 2)(°C),CO₂ in g/km (Average)(g/km),DPF Pressure(psi),DPF Temperature(°C),Drivers demand engine % torque(%),Engine Coolant Temperature(°C),Engine kW (At the wheels)(kW),Engine Load(%),Engine Load(Absolute)(%),Engine Oil Temperature(°C),Engine RPM(rpm),Exhaust gas temp Bank 1 Sensor 1(°C),Exhaust gas temp Bank 1 Sensor 2(°C),Exhaust gas temp Bank 1 Sensor 3(°C),Exhaust gas temp Bank 1 Sensor 4(°C),Exhaust gas temp Bank 2 Sensor 1(°C),Exhaust gas temp Bank 2 Sensor 2(°C),Exhaust gas temp Bank 2 Sensor 3(°C),Exhaust gas temp Bank 2 Sensor 4(°C),Fuel flow rate/hour(l/hr),Fuel flow rate/minute(cc/min),Fuel Trim Bank 1 Long Term(%),Fuel Trim Bank 1 Short Term(%),GPS Accuracy(m),GPS Altitude(m),GPS Bearing(°),GPS Latitude(°),GPS Longitude(°),GPS Satellites,GPS vs OBD Speed difference(km/h),Horsepower (At the wheels)(hp),Intake Air Temperature(°C),Intake Manifold Pressure(psi),Mass Air Flow Rate(g/s),NOx Post SCR(ppm),NOx Pre SCR(ppm),O2 Sensor1 Equivalence Ratio,O2 Volts Bank 1 sensor 1(V),O2 Volts Bank 2 sensor 1(V),Relative Accelerator Pedal Position(%),Relative Throttle Position(%),Speed (GPS)(km/h),Speed (OBD)(km/h),Torque(Nm),Transmission Temperature(Method 1)(°C),Transmission Temperature(Method 2)(°C),Trip average KPL(kpl),Trip average Litres/100 KM(l/100km),Trip Distance(km),Trip Time(Since journey start)(s),Trip time(whilst moving)(s),Trip time(whilst stationary)(s),Voltage (OBD Adapter)(V),Volumetric Efficiency (Calculated)(%)
Mon Aug 16 07:00:36 GMT+05:30 2021,16-Aug-2021 07:00:36.026,73.7925379,18.63009403,0.0,4.288,491.5767822265625,0.0,8.9487915,0.12771606,-0.42376709,-0.10293484,-,-,-0.0109149,-0.02586995,-0.08566386,0.01684066,-,-,-,-,-,-,-,0,13.63354778,-,-,-,-,-,-,-,-,82,-,29.41176605,16.86274529,-,904.75,-,-,-,-,-,-,-,-,0.97202903,16.20048332,-15.625,0.78125,4.28800011,491.57678223,0,18.63009453,73.7925415,11,0,-,26,5.22135878,-,-,-,-,-,-,-,0,0,0,-,-,-,-,-,-,0,0,0,14,-
Mon Aug 16 07:00:37 GMT+05:30 2021,16-Aug-2021 07:00:37.019,73.79253792,18.63009402,0.0,3.216,491.5789794921875,0.0,9.86099243,-0.00875854,0.1484375,-0.04691767,-,-,-0.05916283,-0.07468251,-0.08493281,-0.09176427,-,-,-,-,-,-,-,0,13.63354778,-,-,-,-,-,-,-,-,82,-,29.41176605,16.86274529,-,897.75,-,-,-,-,-,-,-,-,0.9801541,16.33590126,-15.625,-0.78125,3.21600008,491.57897949,0,18.63009453,73.7925415,11,0,-,26,5.22135878,-,-,-,-,-,-,-,0,0,0,-,-,-,-,-,-,0,0,0,14,-
Mon Aug 16 07:00:38 GMT+05:30 2021,16-Aug-2021 07:00:38.019,73.79253794,18.63009401,0.0,3.216,491.5819091796875,0.0,8.95118713,-0.07099915,-0.11491394,-0.04886208,-,-,-0.06887583,-0.08297919,-0.08517546,-0.06101338,-,-,-,-,-,-,-,0,13.63354778,-,-,-,-,-,-,-,-,82,-,29.80392265,16.86274529,-,873.25,-,-,-,-,-,-,-,-,0.91853893,15.30898285,-15.625,0.78125,3.21600008,491.58190918,0,18.63009453,73.7925415,10,0,-,26,4.931283,-,-,-,-,-,-,-,0,0,0,-,-,-,-,-,-,0,0,0,14,-
Mon Aug 16 07:00:39 GMT+05:30 2021,16-Aug-2021 07:00:39.020,73.79253795,18.63009399,0.0,3.216,491.581787109375,0.0,9.55932617,0.35516357,0.28491211,-0.0407092,-,-,-0.01082753,-0.02586995,-0.06711534,-0.08639492,-,-,-,-,-,-,-,0,13.63354778,-,-,-,-,-,-,-,-,82,-,29.41176605,16.86274529,-,905.5,-,-,-,-,-,-,-,-,0.91975021,15.32917023,-15.625,0.78125,3.21600008,491.58178711,0,18.63009453,73.7925415,11,0,-,26,5.07632065,-,-,-,-,-,-,-,0,0,0,-,-,-,-,-,-,0,0,0,14,-
Mon Aug 16 07:00:40 GMT+05:30 2021,16-Aug-2021 07:00:40.019,73.79253798,18.63009394,0.0,4.288,491.5809326171875,0.0,9.45158386,-0.15719604,0.33518982,-0.04848996,-,-,-0.0219783,-0.03660865,-0.06931316,-0.07809824,-,-,-,-,-,-,-,0,13.63354778,-,-,-,-,-,-,-,-,82,-,29.41176605,16.86274529,-,883.25,-,-,-,-,-,-,-,-,0.95371753,15.89529133,-15.625,0.78125,4.28800011,491.58093262,0,18.63009453,73.7925415,10,0,-,26,5.07632065,-,-,-,-,-,-,-,0,0,0,-,-,-,-,-,-,0,0,0,14,-
Mon Aug 16 07:00:41 GMT+05:30 2021,16-Aug-2021 07:00:41.018,73.792538,18.63009391,0.0,3.216,491.581787109375,0.0,9.6526947,0.2713623,0.22984314,-0.05100762,-,-,-0.02696769,-0.04075854,-0.05125149,-0.02879727,-,-,-,-,-,-,-,0,13.63354778,-,-,-,-,-,-,-,-,82,-,29.80392265,16.86274529,-,904,-,-,-,-,-,-,-,-,0.92718327,15.45305443,-15.625,-0.78125,3.21600008,491.58178711,0,18.63009453,73.7925415,11,0,-,27,5.07632065,-,-,-,-,-,-,-,0,0,0,-,-,-,-,-,-,0,0,0,14,-
Mon Aug 16 07:00:42 GMT+05:30 2021,16-Aug-2021 07:00:42.019,73.79253805,18.63009387,0.0,3.216,491.57958984375,0.0,9.6526947,0.15644836,-0.02154541,-0.04533605,-,-,-0.02611503,-0.04100274,-0.04856681,0.01220392,-,-,-,-,-,-,-,0,13.63354778,-,-,-,-,-,-,-,-,82,-,29.01960754,16.86274529,-,880.25,-,-,-,-,-,-,-,-,0.94896543,15.81609058,-15.625,1.5625,3.21600008,491.57958984,0,18.63009453,73.7925415,11,0,-,27,5.07632065,-,-,-,-,-,-,-,0,0,0,-,-,-,-,-,-,0,0,0,14,-
Mon Aug 16 07:00:43 GMT+05:30 2021,16-Aug-2021 07:00:43.020,73.79253807,18.63009383,0.0,3.216,491.57720947265625,0.0,9.61677551,0.0894165,0.31124878,-0.04748735,-,-,-0.01786413,-0.03367977,-0.08566386,-0.09737782,-,-,-,-,-,-,-,0,13.63354778,-,-,-,-,-,-,-,-,82,-,29.41176605,16.86274529,-,887.25,-,-,-,-,-,-,-,-,0.95043504,15.84058475,-15.625,-0.78125,3.21600008,491.57720947,0,18.63009453,73.7925415,11,0,-,27,5.22135878,-,-,-,-,-,-,-,0,0,0,-,-,-,-,-,-,0,0,0,14,-
Mon Aug 16 07:00:44 GMT+05:30 2021,16-Aug-2021 07:00:44.019,73.79253812,18.63009378,0.0,3.216,491.574951171875,0.0,9.63354492,0.07743835,0.53390503,-0.04857197,-,-,-0.04708584,-0.06077073,-0.06199019,-0.04417427,-,-,-,-,-,-,-,0,13.63354778,-,-,-,-,-,-,-,-,82,-,29.80392265,16.86274529,-,887.25,-,-,-,-,-,-,-,-,0.95043504,15.84058475,-15.625,0.78125,3.21600008,491.57495117,0,18.63009453,73.7925415,11,0,-,27,5.22135878,-,-,-,-,-,-,-,0,0,0,-,-,-,-,-,-,0,0,0,14,-
Mon Aug 16 07:00:45 GMT+05:30 2021,16-Aug-2021 07:00:45.019,73.79253816,18.63009374,0.0,3.216,491.576904296875,0.0,9.08047485,0.06307983,0.28730774,-0.05198473,-,-,-0.03651519,-0.05052043,-0.06174599,-0.0058562,-,-,-,-,-,-,-,0,13.63354778,-,-,-,-,-,-,-,-,82,-,29.41176605,16.86274529,-,893.25,-,-,-,-,-,-,-,-,0.93138224,15.52303791,-15.625,-1.5625,3.21600008,491.5769043,0,18.63009453,73.7925415,11,0,-,27,5.07632065,-,-,-,-,-,-,-,0,0,0,-,-,-,-,-,-,0,0,0,14,-
Mon Aug 16 07:00:46 GMT+05:30 2021,16-Aug-2021 07:00:46.019,73.7925382,18.6300937,0.0,3.216,491.5693359375,0.0,9.47792053,-0.25056458,-0.64883423,-0.05020456,-,-,-0.02270961,-0.03831807,-0.06418801,-0.09542575,-,-,-,-,-,-,-,0,13.63354778,-,-,-,-,-,-,-,-,82,-,29.41176605,16.86274529,-,892.5,-,-,-,-,-,-,-,-,0.9108898,15.18149757,-15.625,0,3.21600008,491.56933594,0,18.63009453,73.7925415,10,0,-,27,4.931283,-,-,-,-,-,-,-,0,0,0,-,-,-,-,-,-,0,0,0,14,-
Mon Aug 16 07:00:47 GMT+05:30 2021,16-Aug-2021 07:00:47.019,73.79253822,18.63009368,0.0,4.288,491.56707763671875,0.0,9.52101135,0.05828857,-0.52911377,-0.04420388,-,-,-0.0136461,-0.02733516,-0.06882476,-0.01903538,-,-,-,-,-,-,-,0,13.63354778,-,-,-,-,-,-,-,-,82,-,29.41176605,16.86274529,-,907,-,-,-,-,-,-,-,-,0.96366179,16.06102943,-15.625,1.5625,4.28800011,491.56707764,0,18.63009453,73.7925415,10,0,-,27,5.22135878,-,-,-,-,-,-,-,0,0,0,-,-,-,-,-,-,0,0,0,14,-
Mon Aug 16 07:00:48 GMT+05:30 2021,16-Aug-2021 07:00:48.020,73.79253825,18.63009365,0.0,4.288,491.56591796875,0.0,9.28637695,-0.01593018,-0.26097107,-0.05000223,-,-,-0.00807863,-0.02221001,-0.0422222,-0.04881101,-,-,-,-,-,-,-,0,13.63354778,-,-,-,-,-,-,-,-,82,-,29.41176605,16.86274529,-,879.25,-,-,-,-,-,-,-,-,0.95211464,15.868577,-15.625,1.5625,4.28800011,491.56591797,0,18.63009453,73.7925415,10,0,-,27,5.07632065,-,-,-,-,-,-,-,0,0,0,-,-,-,-,-,-,0,0,0,14,-
Mon Aug 16 07:00:49 GMT+05:30 2021,16-Aug-2021 07:00:49.022,73.79253828,18.63009362,0.0,4.288,491.566162109375,0.0,9.84901428,0.16841125,-0.34475708,-0.04655208,-,-,-0.02016493,-0.03538919,-0.03514499,0.01098291,-,-,-,-,-,-,-,0,13.63354778,-,-,-,-,-,-,-,-,83,-,29.41176605,16.86274529,-,903,-,-,-,-,-,-,-,-,0.92298436,15.38307285,-15.625,-1.5625,4.28800011,491.56616211,0,18.63009453,73.7925415,10,0,-,27,5.07632065,-,-,-,-,-,-,-,0,0,0,-,-,-,-,-,-,0,0,0,14,-
Mon Aug 16 07:00:50 GMT+05:30 2021,16-Aug-2021 07:00:50.020,73.7925383,18.63009358,0.0,4.288,491.5670166015625,0.0,9.26243591,0.39347839,0.36871338,-0.04626684,-,-,-0.04278446,-0.05833026,-0.06101493,-0.09347369,-,-,-,-,-,-,-,0,13.63354778,-,-,-,-,-,-,-,-,83,-,29.41176605,16.86274529,-,925,-,-,-,-,-,-,-,-,0.94791567,15.79859543,-15.625,1.5625,4.28800011,491.5670166,0,18.63009453,73.7925415,10,0,-,27,5.07632065,-,-,-,-,-,-,-,0,0,0,-,-,-,-,-,-,0,0,0,14,-
Mon Aug 16 07:00:51 GMT+05:30 2021,16-Aug-2021 07:00:51.019,73.79253831,18.63009356,0.0,4.288,491.5638427734375,0.0,9.82028198,0.53712463,0.09815979,-0.04993969,-,-,-0.0432016,-0.05710924,-0.07663458,-0.00854088,-,-,-,-,-,-,-,0,13.63354778,-,-,-,-,-,-,-,-,83,-,30.19607925,16.86274529,-,874.5,-,-,-,-,-,-,-,-,0.99875313,16.64588547,-15.625,0,4.28800011,491.56384277,0,18.63009262,73.7925415,10,0,-,27,5.22135878,-,-,-,-,-,-,-,0,0,0,-,-,-,-,-,-,0,0,0,13.69999981,-
Mon Aug 16 07:00:52 GMT+05:30 2021,16-Aug-2021 07:00:52.019,73.79253835,18.63009353,0.0,4.288,491.557373046875,0.0,9.37976074,-0.19789124,-0.55305481,-0.04302558,-,-,-0.03318489,-0.04905521,-0.1154395,0.01635226,-,-,-,-,-,-,-,0,13.63354778,-,-,-,-,-,-,-,-,83,-,30.19607925,16.86274529,-,874.5,-,-,-,-,-,-,-,-,0.99875313,16.64588547,-15.625,0.78125,4.28800011,491.55737305,0,18.63009262,73.7925415,11,0,-,27,5.22135878,-,-,-,-,-,-,-,0,0,0,-,-,-,-,-,-,0,0,0,13.10000038,-
Mon Aug 16 07:00:53 GMT+05:30 2021,16-Aug-2021 07:00:53.019,73.7925384,18.63009349,0.0,4.288,491.55078125,0.0,9.43481445,-0.13085938,-1.97761536,-0.04287016,-,-,-0.01610484,-0.04051434,-0.06174599,0.11226642,-,-,-,-,-,-,-,0,13.63354778,-,-,-,-,-,-,-,-,83,-,31.37254906,17.64705849,-,890.25,-,-,-,-,-,-,-,-,0.97045511,16.17425156,-15.625,2.34375,4.28800011,491.55078125,0,18.63009262,73.7925415,11,0,-,27,5.36639643,-,-,-,-,-,-,-,0,0,0,-,-,-,-,-,-,0,0,0,13.10000038,-
Mon Aug 16 07:00:54 GMT+05:30 2021,16-Aug-2021 07:00:54.019,73.79253846,18.63009342,0.0,4.288,491.55401611328125,0.0,9.43721008,-0.63124084,-2.00872803,-0.03060865,-,-,-0.07324317,-0.10274873,-0.13960159,-0.18963206,-,-,-,-,-,-,-,0,13.63354778,-,-,-,-,-,-,-,-,83,-,36.07843018,19.2156868,-,781.5,-,-,-,-,-,-,-,-,1.09473693,18.24561501,-15.625,0,4.28800011,491.55401611,0,18.63009262,73.7925415,11,0,-,27,5.94654703,-,-,-,-,-,-,-,0,0,0,-,-,-,-,-,-,0,0,0,13.30000019,-
Mon Aug 16 07:00:55 GMT+05:30 2021,16-Aug-2021 07:00:55.019,73.79253757,18.63009327,0.4,4.288,492.1134033203125,316.5,10.0357666,-0.18113708,-1.37187195,-0.03728776,-,-,-0.09767011,-0.12105305,-0.03612024,0.09518311,-,-,-,-,-,-,3,0.05,13.63354778,-,-,-,-,-,-,-,-,83,-,47.05882263,29.01960754,-,873.5,-,-,-,-,-,-,-,-,1.28915644,21.48593903,-14.84375,0,4.28800011,492.11340332,316.5,18.63009262,73.79253387,11,1.56000006,-,27,7.97707558,-,-,-,-,-,-,-,0,1.43999994,3,-,-,-,-,-,-,0,0.57099998,0,13.89999962,-
Mon Aug 16 07:00:56 GMT+05:30 2021,16-Aug-2021 07:00:56.019,73.79253379,18.63009623,1.14,4.288,491.50244140625,312.7,8.68304443,-0.50434875,1.48919678,-0.02869368,-,-,-0.06043628,-0.09835619,-0.14423832,0.16644834,-,-,-,-,-,-,4,0.13114753,13.63354778,-,-,-,-,-,-,-,-,83,1.27028096,33.33333206,18.8235302,-,766,-,-,-,-,-,-,-,-,0.94314682,15.7191143,-14.84375,0,4.28800011,491.50244141,312.70001221,18.63009644,73.79253387,12,0.89600039,1.70347476,27,5.22135878,-,-,-,-,-,-,-,0,4.10399961,5,15.83554554,-,-,3.18078542,31.4381218,0.00134556,1,1.5,0,13.89999962,-
Mon Aug 16 07:00:57 GMT+05:30 2021,16-Aug-2021 07:00:57.018,73.79252495,18.63010243,1.43,4.288,491.99951171875,312.6,9.01344299,0.10617065,-1.14682007,-0.03925909,-,-,-0.014183,-0.03953753,0.00536935,-0.16425051,-,-,-,-,-,-,4,0.13114753,13.63354778,-,-,-,-,-,-,-,-,83,1.27028096,33.33333206,18.03921509,-,766,-,-,-,-,-,-,-,-,1.03384447,17.23073959,-15.625,-1.5625,4.28800011,491.99951172,312.6000061,18.63010216,73.79252625,12,0.89600039,1.70347476,27,6.52669811,-,-,-,-,-,-,-,0,5.14799976,5,15.83554554,-,-,4.00850964,24.94640923,0.00134556,2,2.52399993,0,13.60000038,-
Mon Aug 16 07:00:58 GMT+05:30 2021,16-Aug-2021 07:00:58.022,73.79251388,18.63011032,1.67,4.288,492.81298828125,300.2,10.28236389,-0.08537292,0.24899292,-0.03096225,-,-,-0.00090165,-0.02831042,-0.04661474,-0.19670928,-,-,-,-,-,-,5,0.24193548,13.63354778,-,-,-,-,-,-,-,-,83,1.07030821,43.52941132,23.92156792,-,1330.75,-,-,-,-,-,-,-,-,1.3469671,22.44945145,-10.15625,-1.5625,4.28800011,492.81298828,300.20001221,18.63010979,73.79251099,10,1.85200024,1.43530691,27,6.52669811,-,-,-,-,-,-,-,4.70588255,6.01199961,7,10.24095154,-,-,4.40459633,22.70308304,0.00369889,3,3.51600003,0,14.10000038,-
Mon Aug 16 07:00:59 GMT+05:30 2021,16-Aug-2021 07:00:59.019,73.79249689,18.63012127,2.65,4.288,493.242431640625,300.7,11.48904419,-0.10931396,0.9720459,0.00266082,-,-,0.4367637,0.42197472,-0.03050669,-0.07004422,-,-,-,-,-,-,7,0.546875,13.63354778,-,-,-,-,-,-,-,-,83,2.67177463,37.64706039,20.7843132,-,1673,-,-,-,-,-,-,-,-,1.59650528,26.60842133,-10.15625,-2.34375,4.28800011,493.24243164,300.70001221,18.63012123,73.79249573,12,1.46000004,3.58290863,27,5.80150938,-,-,-,-,-,-,-,5.88235283,9.53999996,11,15.24986076,-,-,4.71275091,21.21858788,0.00815278,4,4.52199984,0,14.10000038,-
Mon Aug 16 07:01:00 GMT+05:30 2021,16-Aug-2021 07:01:00.018,73.79247218,18.6301349,3.26,4.288,493.51129150390625,298.8,8.18026733,-1.23219299,-0.24659729,-0.04757512,-,-,-0.01403425,-0.03367977,-0.13520749,-0.1210515,-,-,-,-,-,-,7,0.546875,13.63354778,-,-,-,-,-,-,-,-,83,2.67177463,34.11764908,20.7843132,-,1673,-,-,-,-,-,-,-,-,1.59650528,26.60842133,-10.15625,1.5625,4.28800011,493.5112915,298.79998779,18.63013458,73.79247284,12,1.46000004,3.58290863,27,5.80150938,-,-,-,-,-,-,-,5.88235283,11.73600006,11,15.24986076,-,-,4.71275091,21.21858788,0.00815278,5,5.24300003,0,14.10000038,-
Mon Aug 16 07:01:01 GMT+05:30 2021,16-Aug-2021 07:01:01.018,73.79244318,18.63014732,3.66,4.288,491.7574462890625,291.9,8.26405334,-0.4995575,-2.79164124,-0.02421059,-,-,-0.01267663,-0.05442457,-0.2999464,-0.08102556,-,-,-,-,-,-,8.16666698,0.75384617,13.63354778,-,-,-,-,-,-,-,-,83,2.67671728,15.29411793,10.98039246,-,2044.75,-,-,-,-,-,-,-,-,1.00355196,16.72586632,-10.15625,0,4.28800011,491.75744629,291.8999939,18.63014793,73.79244232,11,0.82400036,3.58953714,27,2.90075469,-,-,-,-,-,-,-,0,13.17599964,14,12.50041294,-,-,5.96237612,16.77148819,0.01403472,6,6.546,0,14.10000038,-
Mon Aug 16 07:01:02 GMT+05:30 2021,16-Aug-2021 07:01:02.020,73.79241074,18.63016022,3.77,4.288,491.8900146484375,294.2,9.61677551,-0.00875854,1.4413147,-0.02714415,-,-,0.07417648,0.06052653,-0.07858665,-0.03563184,-,-,-,-,-,-,8.85714245,0.93939394,13.63354778,-,-,-,-,347.59317017,-,-,-,83,2.67671728,29.41176605,12.15686321,-,1072,-,-,-,-,-,-,-,-,1.83982015,30.66366959,-10.15625,0,4.28800011,491.89001465,294.20001221,18.63015938,73.7924118,12,0.57199955,3.58953714,27,4.35113192,-,-,-,-,-,-,-,0,13.57199955,13,12.50041294,-,-,6.23686457,16.03336334,0.01819722,7,7.54400015,0,14.10000038,-
Mon Aug 16 07:01:03 GMT+05:30 2021,16-Aug-2021 07:01:03.027,73.79237691,18.63017402,3.75,4.288,492.5093994140625,292.6,7.23216248,0.0032196,-2.31997681,-0.24203455,-,-,-0.1505256,-0.18304324,-0.24454503,0.00829823,-,-,-,-,-,-,9.5,1.13432837,13.63354778,-,-,-,-,347.59317017,-,-,-,83,2.67671728,50.98039246,20.3921566,-,1169,-,-,-,-,-,-,-,-,1.3825382,23.04230499,-10.15625,0,4.28800011,492.50939941,292.6000061,18.63017464,73.79237366,12,0.5,3.58953714,27,6.23662281,-,-,-,-,-,-,-,3.92156863,13.5,14,12.50041294,-,-,6.68914557,14.94928169,0.02163222,8,8.43900013,0,14.10000038,-
Mon Aug 16 07:01:04 GMT+05:30 2021,16-Aug-2021 07:01:04.018,73.79234101,18.63018623,4.19,4.288,492.27520751953125,293.3,8.21377563,-0.62644958,-0.71347046,-0.02513446,-,-,-0.06327983,-0.08639647,-0.12520139,-0.15473127,-,-,-,-,-,-,10.44444466,1.38235295,13.63354778,-,-,-,-,369.20635986,-,-,-,83,4.63846493,50.98039246,32.15686417,-,1364,-,-,-,-,-,-,-,-,2.06861877,34.4769783,-10.15625,0,4.28800011,492.27520752,293.29998779,18.63018608,73.79234314,11,2.91600037,6.22028399,27,8.55722618,-,-,-,-,-,-,-,7.45098066,15.08399963,18,32.47296524,-,-,6.69896269,14.92737389,0.02687222,9,9.42500019,0,14.10000038,-
Mon Aug 16 07:01:05 GMT+05:30 2021,16-Aug-2021 07:01:05.019,73.79229806,18.63019522,5.02,3.216,492.1353759765625,291.6,9.02540588,0.20672607,-1.07499695,-0.04373727,-,-,-0.04888346,-0.06272279,-0.05442457,-0.0480784,-,-,-,-,-,-,10.44444466,1.38235295,13.63354778,-,-,-,-,369.20635986,-,-,-,83,4.63846493,51.76470566,27.45098114,-,1364,-,-,-,-,-,-,-,-,2.06861877,34.4769783,-10.15625,2.34375,3.21600008,492.13537598,291.6000061,18.63019562,73.79229736,10,2.91600037,6.22028399,27,8.55722618,-,-,-,-,-,-,-,7.84313726,18.0719986,18,32.47296524,-,-,6.69896269,14.92737389,0.02687222,10,10.56099987,0,14.10000038,-
Mon Aug 16 07:01:06 GMT+05:30 2021,16-Aug-2021 07:01:06.021,73.79224589,18.63021468,5.84,3.216,491.96441650390625,290.3,9.97351074,-0.62406921,0.27772522,-0.04433538,-,-,0.09079622,0.06491907,-0.21769983,-0.10372399,-,-,-,-,-,-,11.5,1.66666663,13.63354778,-,-,-,-,348.33233643,-,-,-,83,4.66133976,43.52941132,25.09803963,-,1727.25,-,-,-,-,-,-,-,-,2.08640432,34.77340698,-10.15625,3.125,3.21600008,491.9644165,290.29998779,18.63021469,73.79224396,10,0.02400017,6.25095987,27,7.3969245,-,-,-,-,-,-,-,7.84313726,21.02400017,21,25.77018929,-,-,6.91320372,14.46477222,0.03477514,11,11.47299957,0,14.10000038,-
Mon Aug 16 07:01:07 GMT+05:30 2021,16-Aug-2021 07:01:07.019,73.79219198,18.63023924,6.14,3.216,491.818115234375,293.1,11.81704712,0.16123962,-1.85310364,0.20316303,-,-,-0.20278113,-0.23307528,-0.20818058,0.05418192,-,-,-,-,-,-,12.54545498,1.97142851,13.63354778,-,-,-,-,337.91680908,-,-,-,83,4.66133976,40.7843132,22.74509811,-,1889.5,-,-,-,-,-,-,-,-,2.43482065,40.58034515,-10.15625,2.34375,3.21600008,491.81811523,293.1000061,18.63023949,73.79219055,12,1.97599983,6.25095987,27,6.81677389,-,-,-,-,-,-,-,7.84313726,22.10399818,23,25.77018929,-,-,7.08435488,14.11531734,0.04023236,12,12.53199959,0,14.10000038,-
Mon Aug 16 07:01:08 GMT+05:30 2021,16-Aug-2021 07:01:08.021,73.79213167,18.63026416,6.72,4.288,492.3460693359375,291.4,10.18899536,-0.68151855,0.01914978,-0.04477093,-,-,0.03884561,0.01439863,-0.21110946,0.01928114,-,-,-,-,-,-,13.58333302,2.2957747,13.63354778,-,-,-,-,326.38082886,-,-,-,84,5.09550476,35.68627548,22.74509811,-,2041,-,-,-,-,-,-,-,-,2.43685246,40.61420822,-10.15625,-0.78125,4.28800011,492.34606934,291.3999939,18.63026428,73.79212952,12,0.80800056,6.83318424,27,6.23662281,-,-,-,-,-,-,-,7.84313726,24.19199944,25,23.83999825,-,-,7.29834461,13.70145226,0.04838569,13,13.47799969,0,14.10000038,-
Mon Aug 16 07:01:09 GMT+05:30 2021,16-Aug-2021 07:01:09.019,73.79207693,18.63027842,6.95,4.288,491.69647216796875,290.3,10.29434204,0.18518066,0.41419983,-0.04457286,-,-,0.06822602,0.05344776,-0.10323714,-0.07077527,-,-,-,-,-,-,13.58333302,2.2957747,13.63354778,-,-,-,-,313.00189209,-,-,-,84,5.09550476,35.68627548,20.3921566,-,2041,-,-,-,-,-,-,-,-,2.32616496,38.76941681,-10.15625,-0.78125,4.28800011,491.69647217,290.29998779,18.63027763,73.79207611,11,0.80800056,6.83318424,27,5.51143408,-,-,-,-,-,-,-,7.84313726,25.01999855,25,23.83999825,-,-,7.585742,13.18235111,0.04838569,14,14.47200012,0,14.10000038,-
Mon Aug 16 07:01:10 GMT+05:30 2021,16-Aug-2021 07:01:10.019,73.79201639,18.63029811,7.44,4.288,491.1085205078125,292.1,9.71733093,-0.25296021,0.03831482,-0.03110937,-,-,-0.12703684,-0.14936347,0.00439254,-0.13081339,-,-,-,-,-,-,14.69230747,2.65277767,13.63354778,-,-,-,-,301.35714722,-,-,-,84,5.27255964,33.33333206,19.6078434,-,2208.25,-,-,-,-,-,-,-,-,2.45055175,40.8425293,-7.03125,-0.78125,4.28800011,491.10852051,292.1000061,18.63029861,73.79201508,12,2.98000145,7.07061911,27,5.36639643,-,-,-,-,-,-,-,7.45098066,26.7840004,28,22.80002403,-,-,7.88113117,12.68826962,0.06104681,15,15.49400043,0,14.10000038,-
Mon Aug 16 07:01:11 GMT+05:30 2021,16-Aug-2021 07:01:11.019,73.79196757,18.63032513,7.71,4.288,489.33392333984375,295.4,9.56410217,-1.56019592,2.66235352,0.00816262,-,-,-0.06044918,-0.08297919,0.02391788,-0.1210515,-,-,-,-,-,-,15.71428585,3.01369858,13.63354778,-,-,-,-,291.99398804,-,-,-,84,5.27255964,31.37254906,18.8235302,-,2350.5,-,-,-,-,-,-,-,-,2.48284626,41.38077164,-7.03125,-3.125,4.28800011,489.33392334,295.3999939,18.63032532,73.7919693,11,2.2159996,7.07061911,27,5.22135878,-,-,-,-,-,-,-,7.45098066,27.75599861,29,22.80002403,-,-,8.1524744,12.26595879,0.06876556,16,16.53800011,0,14.10000038,-
Mon Aug 16 07:01:12 GMT+05:30 2021,16-Aug-2021 07:01:12.024,73.79189863,18.63034629,8.0,5.36,489.3258056640625,292.3,15.35568237,0.69993591,-6.16267395,0.08562822,-,-,-0.22324495,-0.36535388,-0.04759156,-0.46029124,-,-,-,-,-,-,16.60000038,3.36486483,13.63354778,-,-,-,-,285.26956177,-,-,-,84,1.63503146,30.58823586,18.43137169,-,2350.5,-,-,-,-,-,-,-,-,2.53791261,42.29854202,-7.03125,-3.125,5.36000013,489.32580566,292.29998779,18.6303463,73.79190063,12,1.24400139,2.19261336,27,5.22135878,-,-,-,-,-,-,-,7.45098066,28.79999924,29,6.64244413,-,-,8.37074375,11.94612122,0.07633778,17,17.51199913,0,14.10000038,-
Mon Aug 16 07:01:13 GMT+05:30 2021,16-Aug-2021 07:01:13.021,73.79182829,18.6303676,7.69,4.288,488.67047119140625,290.7,10.66304016,0.534729,-2.18829346,-0.0223178,-,-,-0.14371301,-0.16034637,-0.12617821,0.01415599,-,-,-,-,-,-,17.4375,3.72000003,13.63354778,-,-,-,-,285.26956177,-,-,-,84,2.72102356,29.01960754,18.43137169,-,2422.5,-,-,-,-,-,-,-,-,2.53791261,42.29854202,-7.03125,-3.90625,4.28800011,488.67047119,290.70001221,18.63036728,73.79183197,12,2.31599998,3.64895272,27,5.22135878,-,-,-,-,-,-,-,7.45098066,27.68400002,30,10.72582054,-,-,8.37074375,11.94612122,0.08608916,18,18.34799957,0,14.10000038,-
Mon Aug 16 07:01:14 GMT+05:30 2021,16-Aug-2021 07:01:14.018,73.79176088,18.63040303,8.06,5.36,488.7197265625,293.2,8.18504333,1.38227844,-1.49876404,0.00085186,-,-,0.15926297,0.14350572,-0.0522283,-0.1003067,-,-,-,-,-,-,18.1764698,4.0657897,13.63354778,-,-,-,-,278.52267456,-,-,-,84,2.72102356,27.84313774,17.25490189,-,2425.75,-,-,-,-,-,-,-,-,2.4703393,41.17232132,-7.03125,0.78125,5.36000013,488.71972656,293.20001221,18.63040352,73.79176331,12,0.98399925,3.64895272,27,4.931283,-,-,-,-,-,-,-,7.05882359,29.01600075,30,10.72582054,-,-,8.60656452,11.61879635,0.0969725,19,19.45700073,0,14.10000038,-
Mon Aug 16 07:01:15 GMT+05:30 2021,16-Aug-2021 07:01:15.025,73.79168774,18.63042096,8.39,4.288,488.8895263671875,296.0,8.48672485,0.23306274,-0.39025879,-0.04253871,-,-,0.06474172,0.04881101,-0.08175973,-0.10225877,-,-,-,-,-,-,18.83333397,4.40259743,13.63354778,-,-,-,-,273.02905273,-,-,-,84,2.72102356,27.84313774,16.86274529,-,2426.25,-,-,-,-,-,-,-,-,2.47365355,41.22756195,-7.03125,-3.90625,4.28800011,488.88952637,296,18.63042068,73.79168701,12,0.20400047,3.64895272,27,4.931283,-,-,-,-,-,-,-,7.05882359,30.20400047,30,10.72582054,-,-,8.81368446,11.34575748,0.1052975,20,20.44599915,0,14.10000038,-
Mon Aug 16 07:01:16 GMT+05:30 2021,16-Aug-2021 07:01:16.024,73.79161751,18.63045192,8.34,4.288,489.031494140625,293.8,8.69740295,0.41981506,-0.41899109,-0.12761641,-,-,0.00661824,-0.00976345,-0.0524725,0.07736719,-,-,-,-,-,-,19.42105293,4.73076916,13.63354778,-,-,-,-,267.9201355,-,-,-,84,-,26.66666794,16.47058868,-,2420.5,-,-,-,-,-,-,-,-,2.40139389,40.02323151,-7.03125,-4.6875,4.28800011,489.03149414,293.79998779,18.6304512,73.79161835,12,0.02400017,-,27,4.78624535,-,-,-,-,-,-,-,6.66666698,30.02400017,30,-,-,-,9.0180645,11.088624,0.11433083,21,21.42499924,0,14.10000038,-
Mon Aug 16 07:01:17 GMT+05:30 2021,16-Aug-2021 07:01:17.019,73.79154633,18.63048425,8.27,4.288,489.59539794921875,292.2,7.89775085,0.66162109,-1.95845032,-0.01646574,-,-,0.15172979,0.13789216,-0.06516327,-0.05320355,-,-,-,-,-,-,19.42105293,4.73076916,13.63354778,-,-,-,-,267.9201355,-,-,-,84,-,26.66666794,16.07843208,-,2420.5,-,-,-,-,-,-,-,-,2.40139389,40.02323151,-7.03125,-4.6875,4.28800011,489.59539795,292.20001221,18.63048363,73.79154968,13,0.02400017,-,27,4.78624535,-,-,-,-,-,-,-,6.66666698,29.77200127,30,-,-,-,9.0180645,11.088624,0.11433083,22,22.51600075,0,14.10000038,-
Mon Aug 16 07:01:18 GMT+05:30 2021,16-Aug-2021 07:01:18.019,73.79147747,18.63050972,8.38,4.288,489.0443115234375,291.3,9.97351074,-0.65278625,-0.62966919,-0.04828293,-,-,0.02879224,0.01146976,-0.02977564,0.04417583,-,-,-,-,-,-,19.95000076,5.05063295,13.63354778,-,-,-,-,263.06625366,-,-,-,84,-,26.27450943,16.07843208,-,2446.5,-,-,-,-,-,-,-,-,2.32310581,38.71842957,-7.03125,-4.6875,4.28800011,489.04431152,291.29998779,18.63051033,73.79148102,11,0.16799927,-,27,4.6412077,-,-,-,-,-,-,-,6.66666698,30.16799927,30,-,-,-,9.22308826,10.84212971,0.12755583,23,23.49200058,0,14.10000038,-
Mon Aug 16 07:01:19 GMT+05:30 2021,16-Aug-2021 07:01:19.019,73.79140036,18.63054107,8.29,4.288,489.640625,288.3,5.94168091,4.54740906,6.78277588,0.26592085,-,-,0.94917035,0.77732247,-0.08639647,-0.80123883,-,-,-,-,-,-,20.4285717,5.36250019,13.63354778,-,-,-,-,251.73503113,-,-,-,84,-,24.70588303,12.15686321,-,2452,-,-,-,-,-,-,-,-,1.76500368,29.41672897,-7.03125,-4.6875,4.28800011,489.640625,288.29998779,18.63054085,73.79139709,12,0.15600014,-,27,3.48090577,-,-,-,-,-,-,-,4.31372547,29.84399986,30,-,-,-,9.78209209,10.22254944,0.1366725,24,24.56100082,0,14.10000038,-
Mon Aug 16 07:01:20 GMT+05:30 2021,16-Aug-2021 07:01:20.019,73.7913252,18.63056152,8.29,4.288,489.85546875,286.3,4.72543335,-0.08297729,0.35673523,-0.53312075,-,-,0.03934158,-0.00780982,0.15131554,0.10567761,-,-,-,-,-,-,20.86363602,5.66666651,13.63354778,-,-,-,-,251.73503113,-,-,-,85,-,13.72549057,9.4117651,-,2404.5,-,-,-,-,-,-,-,-,1.76500368,29.41672897,0,0,4.28800011,489.85546875,286.29998779,18.63056183,73.79132843,13,0.15600014,-,27,3.48090577,-,-,-,-,-,-,-,0,29.84399986,30,-,-,-,9.78209209,10.22254944,0.14393917,25,25.41600037,0,14.10000038,-
Mon Aug 16 07:01:21 GMT+05:30 2021,16-Aug-2021 07:01:21.024,73.79124959,18.63059223,8.07,5.36,490.37811279296875,286.9,6.06617737,-0.66236877,-1.46046448,0.00794057,-,-,-0.01656648,-0.06906896,0.07907505,-0.26211673,-,-,-,-,-,-,21.08695602,5.91463423,13.63354778,-,-,-,-,243.94947815,-,-,-,85,-,15.29411793,9.4117651,-,2146.25,-,-,-,-,-,-,-,-,1.44234347,24.03905869,0,0,5.36000013,490.37811279,286.8999939,18.63059235,73.79125214,11,3.05199814,-,27,2.90075469,-,-,-,-,-,-,-,0,29.05199814,26,-,-,-,10.28286648,9.72471237,0.15322584,26,26.48699951,0,14.10000038,-
Mon Aug 16 07:01:22 GMT+05:30 2021,16-Aug-2021 07:01:22.020,73.79116826,18.63061988,7.35,5.36,490.488037109375,286.1,9.2983551,4.28405762,-3.70622253,-0.05430533,-,-,0.00562817,-0.22453284,0.12690926,-0.62405336,-,-,-,-,-,-,21.20833397,6.13253021,13.63354778,-,-,-,-,239.22972107,-,-,-,85,-,20.3921566,10.98039246,-,1953.75,-,-,-,-,-,-,-,-,1.60928965,26.82149506,-10.15625,0,5.36000013,490.48803711,286.1000061,18.63061905,73.79116821,14,2.45999908,-,27,3.62594342,-,-,-,-,-,-,-,3.52941179,26.45999908,24,-,-,-,10.53821659,9.48907471,0.16264945,27,27.53000069,0,14.10000038,-
Mon Aug 16 07:01:23 GMT+05:30 2021,16-Aug-2021 07:01:23.020,73.79110422,18.63062103,6.56,6.432,489.4805908203125,275.9,10.17941284,1.17398071,0.20829773,0.07493468,-,-,0.07719812,-0.01757327,0.27358806,-0.25552794,-,-,-,-,-,-,21.28000069,6.33333349,13.63354778,-,-,-,-,236.34367371,-,-,-,85,-,22.35294151,13.33333302,-,1874.25,-,-,-,-,-,-,-,-,1.69934249,28.32237434,-10.15625,2.34375,6.43200016,489.48059082,275.8999939,18.63062096,73.79110718,13,0.61599922,-,27,4.20609426,-,-,-,-,-,-,-,4.31372547,23.61599922,23,-,-,-,10.68757629,9.35646343,0.16849181,28,28.42499924,0,14.10000038,-
Mon Aug 16 07:01:24 GMT+05:30 2021,16-Aug-2021 07:01:24.019,73.79105258,18.6306299,6.38,6.432,489.1268310546875,275.8,12.84895325,-0.77729797,-1.0295105,0.30010462,-,-,-0.31339684,-0.40001047,-0.00390569,-0.33386883,-,-,-,-,-,-,21.34615326,6.52941179,13.63354778,-,-,-,-,233.77145386,-,-,-,85,-,23.52941132,13.72549057,-,1828.5,-,-,-,-,-,-,-,-,1.63019454,27.16990852,-10.15625,3.125,6.43200016,489.12683105,275.79998779,18.63063049,73.79105377,12,0.03199959,-,27,4.20609426,-,-,-,-,-,-,-,4.31372547,22.96800041,23,-,-,-,10.8244133,9.23818398,0.17417154,29,29.4260006,0,14.10000038,-
Mon Aug 16 07:01:25 GMT+05:30 2021,16-Aug-2021 07:01:25.025,73.79099656,18.63062631,5.73,6.432,488.312255859375,272.2,8.13716125,1.68873596,-1.5035553,-0.02850253,-,-,0.09745123,-0.19256093,0.25382006,-0.68457985,-,-,-,-,-,-,21.34615326,6.52941179,13.63354778,-,-,-,-,233.77145386,-,-,-,85,-,23.52941132,14.50980377,-,1828.5,-,-,-,-,-,-,-,-,1.63019454,27.16990852,-10.15625,3.125,6.43200016,488.31225586,272.20001221,18.63062668,73.79100037,12,0.03199959,-,27,4.20609426,-,-,-,-,-,-,-,3.92156863,20.62800026,23,-,-,-,10.8244133,9.23818398,0.17417154,30,30.53899956,0,14.10000038,-
Mon Aug 16 07:01:26 GMT+05:30 2021,16-Aug-2021 07:01:26.021,73.7909325,18.63061917,5.81,6.432,486.10986328125,275.4,11.20652771,0.81245422,-0.25617981,0.0479714,-,-,0.10610736,-0.16425051,0.24259296,-0.66822761,-,-,-,-,-,-,21.33333397,6.69767427,13.63354778,-,-,-,-,231.8583374,-,-,-,85,-,24.70588303,14.50980377,-,1686,-,-,-,-,-,-,-,-,1.70008481,28.33474541,-10.15625,-3.90625,6.43200016,486.10986328,275.3999939,18.63061905,73.7909317,14,0.08400154,-,27,4.49617004,-,-,-,-,-,-,-,3.92156863,20.91599846,21,-,-,-,10.92841721,9.15026569,0.18478654,31,31.52400017,0,14.10000038,-
Mon Aug 16 07:01:27 GMT+05:30 2021,16-Aug-2021 07:01:27.019,73.79087953,18.63063629,5.75,6.432,485.99517822265625,275.2,11.03894043,-4.06452942,7.14430237,0.20069633,-,-,0.46494704,0.30751202,0.46200064,-0.37389475,-,-,-,-,-,-,21.3214283,6.86206913,13.63354778,-,-,-,-,230.82600403,-,-,-,85,-,25.49019623,11.37254906,-,1670.75,-,-,-,-,-,-,-,-,1.66872752,27.81212616,-10.15625,-5.46875,6.43200016,485.99517822,275.20001221,18.63063622,73.7908783,11,0.30000114,-,27,4.78624535,-,-,-,-,-,-,-,0.39215687,20.69999886,21,-,-,-,10.98974323,9.09920406,0.19105738,32,32.50999832,0,14.10000038,-
Mon Aug 16 07:01:28 GMT+05:30 2021,16-Aug-2021 07:01:28.019,73.7908278,18.63064829,5.6,6.432,486.14459228515625,279.8,12.01098633,-3.00390625,4.98472595,0.02315756,-,-,0.01096188,-0.25528374,-0.48957846,0.4881148,-,-,-,-,-,-,21.24137878,7,13.63354778,-,-,-,-,227.21914673,-,-,-,85,-,16.86274529,9.8039217,-,1537.75,-,-,-,-,-,-,-,-,1.20264268,20.0440464,-10.15625,-7.8125,6.43200016,486.14459229,279.79998779,18.63064766,73.79082489,13,1.15999985,-,27,3.48090577,-,-,-,-,-,-,-,0,20.15999985,19,-,-,-,11.22086811,8.91178131,0.19615182,33,33.50799942,0,14.10000038,-
Mon Aug 16 07:01:28 GMT+05:30 2021,16-Aug-2021 07:01:29.019,73.7908278,18.63064829,5.6,6.432,486.14459228515625,279.8,8.90090942,1.89224243,-1.67593384,0.02878052,-,-,0.21165635,0.18011436,0.13545169,-0.01244657,-,-,-,-,-,-,21.10000038,7.11235952,13.63354778,-,-,-,-,223.76055908,-,-,-,85,-,18.03921509,9.8039217,-,1371.5,-,-,-,-,-,-,-,-,1.06078529,17.67975426,-10.15625,0,6.43200016,486.14459229,279.79998779,18.63064766,73.79082489,13,3.15999985,-,27,3.33586788,-,-,-,-,-,-,-,0,20.15999985,17,-,-,-,11.45156002,8.73225307,0.20168683,34,34.48099899,0,14.10000038,-
Mon Aug 16 07:01:28 GMT+05:30 2021,16-Aug-2021 07:01:30.025,73.7908278,18.63064829,5.6,6.432,486.14459228515625,279.8,10.16265869,-2.17311096,4.26168823,0.06042724,-,-,0.1320914,0.01806012,0.15058294,-0.44296372,-,-,-,-,-,-,20.93548393,7.21111107,13.63354778,-,-,-,-,231.23739624,-,-,-,85,-,59.60784531,31.76470566,-,1309.5,-,-,-,-,-,-,-,-,2.59149432,43.1915741,-10.9375,0,6.43200016,486.14459229,279.79998779,18.63064766,73.79082489,13,4.15999985,-,27,9.13737774,-,-,-,-,-,-,-,8.23529434,20.15999985,16,-,-,-,11.28850174,8.85838699,0.20847017,35,35.52899933,0,14.10000038,-
Mon Aug 16 07:01:31 GMT+05:30 2021,16-Aug-2021 07:01:31.020,73.79069405,18.63065018,4.5,5.36,486.908203125,271.9,7.53382874,2.79725647,-4.61601257,-0.00619554,-,-,0.13930173,-0.07102103,0.41343227,-0.45101774,-,-,-,-,-,-,20.84375,7.32967043,13.63354778,-,-,-,-,238.34942627,-,-,-,85,-,55.68627548,34.11764526,-,1420,-,-,-,-,-,-,-,-,2.4743433,41.23905563,-10.15625,-3.125,5.36000013,486.90820312,271.8999939,18.63064957,73.79069519,11,1.80000114,-,27,9.13737774,-,-,-,-,-,-,-,8.23529434,16.19999886,18,-,-,-,11.13294506,8.98216248,0.21251711,36,36.49200058,0,14.10000038,-
Mon Aug 16 07:01:32 GMT+05:30 2021,16-Aug-2021 07:01:32.019,73.79065316,18.63066005,4.86,5.36,486.57965087890625,277.3,5.18989563,3.06060791,-4.91529846,0.04638388,-,-,0.3653124,0.07516936,0.48567432,-0.63991719,-,-,-,-,-,-,20.78787804,7.45652151,13.63354778,-,-,-,-,243.38357544,-,-,-,85,3.5571394,50.58823776,31.76470566,-,1550.25,-,-,-,-,-,-,-,-,2.51277876,41.8796463,-10.15625,2.34375,5.36000013,486.57965088,277.29998779,18.6306591,73.79064941,12,1.50399971,4.77020264,27,8.55722618,-,-,-,-,-,-,-,8.23529434,17.49600029,19,21.91094971,-,-,11.00889301,9.08337688,0.21700336,37,37.47399902,0,14.10000038,-
Mon Aug 16 07:01:33 GMT+05:30 2021,16-Aug-2021 07:01:33.020,73.79060584,18.63066556,5.39,5.36,486.16656494140625,275.2,9.05653381,-2.79800415,1.92254639,-0.03033763,-,-,-0.05860538,-0.22575386,0.03392397,-0.53741264,-,-,-,-,-,-,20.78787804,7.45652151,13.63354778,-,-,-,-,243.38357544,-,-,-,85,3.5571394,50.58823776,29.01960754,-,1550.25,-,-,-,-,-,-,-,-,2.51277876,41.8796463,-10.15625,2.34375,5.36000013,486.16656494,275.20001221,18.63066483,73.79060364,12,1.50399971,4.77020264,27,8.55722618,-,-,-,-,-,-,-,8.23529434,19.40399933,19,21.91094971,-,-,11.00889301,9.08337688,0.21700336,38,38.51499939,0,14.10000038,-
Mon Aug 16 07:01:34 GMT+05:30 2021,16-Aug-2021 07:01:34.025,73.79054957,18.63067507,5.57,4.288,486.97174072265625,271.3,8.89851379,1.03512573,-1.91056824,-0.0477687,-,-,-0.21867239,-0.24527763,-0.20232438,0.02172161,-,-,-,-,-,-,20.79411697,7.60215044,13.63354778,-,-,-,-,247.55451965,-,-,-,85,2.64550138,45.88235474,29.01960754,-,1727,-,-,-,-,-,-,-,-,2.5572803,42.62133789,-10.15625,2.34375,4.28800011,486.97174072,271.29998779,18.63067436,73.79055023,12,0.94799995,3.54767585,27,7.97707558,-,-,-,-,-,-,-,7.84313726,20.05200005,21,14.62775517,-,-,10.90043068,9.17375851,0.22652557,39,39.54499817,0,14.10000038,-
Mon Aug 16 07:01:35 GMT+05:30 2021,16-Aug-2021 07:01:35.023,73.79048634,18.63067907,6.04,4.288,487.0347900390625,274.8,8.99908447,1.98323059,0.04788208,-0.0162567,-,-,0.34712255,0.28579041,0.05491297,-0.36486548,-,-,-,-,-,-,20.82857132,7.75531912,13.63354778,-,-,-,-,249.66419983,-,-,-,85,2.17036223,30.58823586,25.88235283,-,1764.75,-,-,-,-,-,-,-,-,2.43446827,40.57447052,-9.375,-2.34375,4.28800011,487.03479004,274.79998779,18.63067818,73.7904892,13,0.25600052,2.91050363,27,6.81677389,-,-,-,-,-,-,-,4.70588255,21.74399948,22,11.74386406,-,-,10.83353424,9.23040581,0.23305918,40,40.49200058,0,14.10000038,-
Mon Aug 16 07:01:36 GMT+05:30 2021,16-Aug-2021 07:01:36.019,73.79042501,18.63068746,6.15,4.288,487.2064208984375,276.0,10.84260559,-1.33035278,3.52905273,0.0248048,-,-,0.06445449,-0.04295481,0.25235486,-0.32679161,-,-,-,-,-,-,20.86111069,7.90526295,13.63354778,-,-,-,-,248.2963562,-,-,-,85,2.17036223,27.45098114,17.25490189,-,1750.25,-,-,-,-,-,-,-,-,1.74667072,29.11117935,-9.375,-3.90625,4.28800011,487.2064209,276,18.63068771,73.79042816,13,0.13999939,2.91050363,27,4.78624535,-,-,-,-,-,-,-,5.09803915,22.13999939,22,11.74386406,-,-,10.88386726,9.18771935,0.23886473,41,41.4980011,0,14.10000038,-
Mon Aug 16 07:01:37 GMT+05:30 2021,16-Aug-2021 07:01:37.018,73.79037465,18.63069609,5.61,4.288,487.85394287109375,270.5,10.5098114,-2.33831787,3.12683105,0.12661803,-,-,-0.17686231,-0.22258078,-0.00756562,-0.25186646,-,-,-,-,-,-,20.83783722,8.03125,13.63354778,-,-,-,-,247.38293457,-,-,-,86,2.17036223,29.80392265,17.25490189,-,1694,-,-,-,-,-,-,-,-,1.83730829,30.62180519,-9.375,-0.78125,4.28800011,487.85394287,270.5,18.63069534,73.79037476,12,0.19599915,2.91050363,27,5.07632065,-,-,-,-,-,-,-,5.09803915,20.19599915,20,11.74386406,-,-,10.91414356,9.1622324,0.24546224,42,42.42599869,0,14.10000038,-
Mon Aug 16 07:01:38 GMT+05:30 2021,16-Aug-2021 07:01:38.018,73.79031622,18.63070065,5.59,4.288,487.9229736328125,268.5,10.51939392,0.31207275,-1.46765137,-0.03504945,-,-,-0.38957769,-0.42880929,-0.19329354,-0.15863696,-,-,-,-,-,-,20.81579018,8.15463924,13.63354778,-,-,-,-,247.44940186,-,-,-,86,-,29.80392265,18.43137169,-,1591,-,-,-,-,-,-,-,-,1.88615942,31.43598938,-9.375,-0.78125,4.28800011,487.92297363,268.5,18.63070107,73.79031372,13,0.12400055,-,26,5.36639643,-,-,-,-,-,-,-,5.09803915,20.12400055,20,-,-,-,10.90574455,9.16928864,0.25374001,43,43.54899979,0,14.10000038,-
Mon Aug 16 07:01:39 GMT+05:30 2021,16-Aug-2021 07:01:39.027,73.79026755,18.63069984,5.42,4.288,488.78704833984375,264.1,10.06929016,-1.51231384,-0.43574524,-0.03154735,-,-,0.14172816,0.10787232,-0.07590197,0.18084697,-,-,-,-,-,-,20.79487228,8.27550983,13.63354778,-,-,-,-,247.82922363,-,-,-,86,-,38.03921509,20.7843132,-,1587.5,-,-,-,-,-,-,-,-,1.96298635,32.71643829,-10.15625,-1.5625,4.28800011,488.78704834,264.1000061,18.63069916,73.79026794,11,0.48800087,-,26,5.94654703,-,-,-,-,-,-,-,5.88235283,19.51199913,20,-,-,-,10.88686657,9.18518829,0.25835112,44,44.48400116,0,14.10000038,-
Mon Aug 16 07:01:40 GMT+05:30 2021,16-Aug-2021 07:01:40.031,73.7902145,18.63070333,5.43,4.288,490.0078125,265.0,9.7723999,1.46368408,-1.48440552,0.00586022,-,-,0.19790868,0.17279139,-0.11080275,0.12739922,-,-,-,-,-,-,20.77499962,8.39393902,13.63354778,-,-,-,-,249.70033264,-,-,-,86,-,44.31372452,25.49019623,-,1600.25,-,-,-,-,-,-,-,-,2.34084725,39.01412201,-10.15625,2.34375,4.28800011,490.0078125,265,18.63070297,73.79021454,14,0.45200157,-,26,7.10684919,-,-,-,-,-,-,-,7.05882359,19.54799843,20,-,-,-,10.82678699,9.23615837,0.26319,45,45.57400131,0,14.10000038,-
Mon Aug 16 07:01:40 GMT+05:30 2021,16-Aug-2021 07:01:41.027,73.7902145,18.63070333,5.43,4.288,490.0078125,265.0,9.64790344,-0.33197021,0.45729065,-0.0235648,-,-,0.16987546,0.15521967,-0.02245422,-0.03514343,-,-,-,-,-,-,20.77499962,8.39393902,13.63354778,-,-,-,-,249.70033264,-,-,-,86,-,44.31372452,26.27450943,-,1600.25,-,-,-,-,-,-,-,-,2.34084725,39.01412201,-10.15625,2.34375,4.28800011,490.0078125,265,18.63070297,73.79021454,14,0.45200157,-,26,7.10684919,-,-,-,-,-,-,-,7.45098066,19.54799843,20,-,-,-,10.82678699,9.23615837,0.26319,46,46.5530014,0,14.10000038,-
Mon Aug 16 07:01:40 GMT+05:30 2021,16-Aug-2021 07:01:42.025,73.7902145,18.63070333,5.43,4.288,490.0078125,265.0,10.56008911,0.70233154,-1.81480408,-0.0607434,-,-,-0.1112091,-0.13252281,0.020989,-0.10567605,-,-,-,-,-,-,20.80487823,8.52999973,13.63354778,-,-,-,-,251.53451538,-,-,-,86,2.83597159,42.35294342,26.27450943,-,1724.25,-,-,-,-,-,-,-,-,2.35964775,39.32746124,-9.375,-2.34375,4.28800011,490.0078125,265,18.63070297,73.79021454,14,2.45200157,3.80310059,26,7.10684919,-,-,-,-,-,-,-,7.45098066,19.54799843,22,15.70593071,-,-,10.76801014,9.28657436,0.27296084,47,47.3429985,0,14.10000038,-
Mon Aug 16 07:01:40 GMT+05:30 2021,16-Aug-2021 07:01:43.024,73.7902145,18.63070333,5.43,4.288,490.0078125,265.0,9.80831909,-0.45167542,-0.9145813,-0.06613446,-,-,-0.11536904,-0.16669099,-0.15448862,-0.27456331,-,-,-,-,-,-,20.8571434,8.67326736,13.63354778,-,-,-,-,253.2596283,-,-,-,86,2.30907726,43.92156982,26.27450943,-,1828.75,-,-,-,-,-,-,-,-,2.59437943,43.23965836,-9.375,-2.34375,4.28800011,490.0078125,265,18.63070297,73.79021454,14,3.45200157,3.09652352,26,7.25188684,-,-,-,-,-,-,-,8.23529434,19.54799843,23,12.05718994,-,-,10.71219826,9.33495808,0.27968585,48,48.56800079,0,14.10000038,-
Mon Aug 16 07:01:40 GMT+05:30 2021,16-Aug-2021 07:01:44.021,73.7902145,18.63070333,5.43,4.288,490.0078125,265.0,11.12512207,-0.67912292,-0.13168335,-0.03858892,-,-,-0.13612248,-0.16083479,0.06369805,-0.06540592,-,-,-,-,-,-,20.930233,8.82352924,13.63354778,-,-,-,-,254.83868408,-,-,-,86,2.30907726,43.13725662,25.49019623,-,1922,-,-,-,-,-,-,-,-,2.69658232,44.94303894,-9.375,2.34375,4.28800011,490.0078125,265,18.63070297,73.79021454,14,4.45200157,3.09652352,26,7.10684919,-,-,-,-,-,-,-,8.23529434,19.54799843,24,12.05718994,-,-,10.6602211,9.38047314,0.28543031,49,49.48500061,0,14.10000038,-
Mon Aug 16 07:01:40 GMT+05:30 2021,16-Aug-2021 07:01:45.028,73.7902145,18.63070333,5.43,4.288,490.0078125,265.0,9.99267578,-0.33436584,-1.42214966,-0.03342019,-,-,0.08993158,0.07224049,-0.11373164,-0.11665896,-,-,-,-,-,-,21.04545403,8.9902916,13.63354778,-,-,-,-,256.04818726,-,-,-,86,4.4393692,41.17647171,25.49019623,-,2077,-,-,-,-,-,-,-,-,2.71840715,45.30678558,-9.375,3.125,4.28800011,490.0078125,265,18.63070297,73.79021454,14,6.45200157,5.95329189,26,6.81677389,-,-,-,-,-,-,-,8.23529434,19.54799843,26,20.41017723,-,-,10.61762333,9.41810703,0.29248586,50,50.45000076,0,14.10000038,-
Mon Aug 16 07:01:40 GMT+05:30 2021,16-Aug-2021 07:01:46.020,73.7902145,18.63070333,5.43,4.288,490.0078125,265.0,9.10681152,0.47966003,-1.0007782,-0.08107412,-,-,0.01327069,-0.00610196,-0.05930551,-0.14033264,-,-,-,-,-,-,21.20000076,9.17307663,13.63354778,-,-,-,-,256.67248535,-,-,-,87,3.6707437,41.17647171,23.52941132,-,2204,-,-,-,-,-,-,-,-,2.75012493,45.83541489,-9.375,3.125,4.28800011,490.0078125,265,18.63070297,73.79021454,14,8.45200157,4.92254829,26,6.38166046,-,-,-,-,-,-,-,8.62745094,19.54799843,28,15.90393162,-,-,10.59117699,9.44162464,0.30483836,51,51.54999924,0,14.10000038,-
Mon Aug 16 07:01:40 GMT+05:30 2021,16-Aug-2021 07:01:47.028,73.7902145,18.63070333,5.43,4.288,490.0078125,265.0,14.11070251,-0.19070435,1.28569031,0.0602537,-,-,0.10816147,0.04759,-0.09957565,-0.3507095,-,-,-,-,-,-,21.20000076,9.17307663,13.63354778,-,-,-,-,256.35641479,-,-,-,87,3.6707437,38.4313736,20.7843132,-,2220.5,-,-,-,-,-,-,-,-,2.58666062,43.11100769,-12.5,3.125,4.28800011,490.0078125,265,18.63070297,73.79021454,14,8.45200157,4.92254829,26,5.65647173,-,-,-,-,-,-,-,8.23529434,19.54799843,28,15.90393162,-,-,10.59636307,9.43700409,0.30483836,52,52.48400116,0,14.10000038,-
Mon Aug 16 07:01:40 GMT+05:30 2021,16-Aug-2021 07:01:48.022,73.7902145,18.63070333,5.43,4.288,490.0078125,265.0,9.29356384,0.54191589,-1.81240845,-0.04489434,-,-,-0.01508822,-0.02928723,-0.09249844,-0.06003812,-,-,-,-,-,-,21.48936081,9.52830219,13.63354778,-,-,-,-,255.62846375,-,-,-,87,3.6707437,31.37254906,19.2156868,-,2247.25,-,-,-,-,-,-,-,-,2.40556192,40.09269714,-7.03125,-2.34375,4.28800011,490.0078125,265,18.63070297,73.79021454,14,8.45200157,4.92254829,26,5.22135878,-,-,-,-,-,-,-,7.45098066,19.54799843,28,15.90393162,-,-,10.61904049,9.41685104,0.31961614,53,53.56000137,0,14.10000038,-
Mon Aug 16 07:01:40 GMT+05:30 2021,16-Aug-2021 07:01:49.019,73.7902145,18.63070333,5.43,4.288,490.0078125,265.0,9.88253784,0.44854736,-0.44293213,-0.00853818,-,-,-0.065785,-0.08053871,-0.11665896,-0.02245266,-,-,-,-,-,-,21.48936081,9.52830219,13.63354778,-,-,-,-,255.62846375,-,-,-,87,3.6707437,31.37254906,18.43137169,-,2247.25,-,-,-,-,-,-,-,-,2.40556192,40.09269714,-7.03125,-4.6875,4.28800011,490.0078125,265,18.63070297,73.79021454,14,8.45200157,4.92254829,26,5.22135878,-,-,-,-,-,-,-,7.45098066,19.54799843,28,15.90393162,-,-,10.61904049,9.41685104,0.31961614,54,54.42200089,0,14.10000038,-
Mon Aug 16 07:01:40 GMT+05:30 2021,16-Aug-2021 07:01:50.021,73.7902145,18.63070333,5.43,4.288,490.0078125,265.0,9.60481262,1.58099365,-2.93289185,0.02005994,-,-,0.04793406,0.03392397,-0.09859884,-0.02464893,-,-,-,-,-,-,21.64583397,9.71028042,13.63354778,-,-,-,-,254.84700012,-,-,-,87,1.32742381,28.62745094,18.43137169,-,2330.75,-,-,-,-,-,-,-,-,2.36691523,39.44858551,-7.03125,-1.5625,4.28800011,490.0078125,265,18.63070297,73.79021454,14,9.45200157,1.78010464,26,5.07632065,-,-,-,-,-,-,-,7.45098066,19.54799843,29,5.43846035,-,-,10.64479542,9.39406681,0.33149907,55,55.38999939,0,14.10000038,-
Mon Aug 16 07:01:40 GMT+05:30 2021,16-Aug-2021 07:01:51.019,73.7902145,18.63070333,5.43,4.288,490.0078125,265.0,11.33581543,0.49882507,0.17477417,-0.03046906,-,-,-0.05391516,-0.09054637,-0.16961986,0.14960767,-,-,-,-,-,-,21.79591751,9.88888931,13.63354778,-,-,-,-,253.6532135,-,-,-,87,1.32742381,23.92156982,15.29411793,-,2354.25,-,-,-,-,-,-,-,-,2.24444485,37.40741348,-7.03125,-0.78125,4.28800011,490.0078125,265,18.63070297,73.79021454,14,9.45200157,1.78010464,26,4.6412077,-,-,-,-,-,-,-,5.49019623,19.54799843,29,5.43846035,-,-,10.69220734,9.35241127,0.34084353,56,56.54499817,0,14.10000038,-
Mon Aug 16 07:01:40 GMT+05:30 2021,16-Aug-2021 07:01:52.022,73.7902145,18.63070333,5.43,4.288,490.0078125,265.0,11.01739502,2.54586792,-2.22900391,0.07293483,-,-,0.06056136,-0.03392397,0.16107742,-0.36632913,-,-,-,-,-,-,21.95999908,10.07339478,13.63354778,-,-,-,-,251.96186829,-,-,-,87,1.32742381,21.96078491,12.94117641,-,2423,-,-,-,-,-,-,-,-,1.98369026,33.06150436,-7.03125,-5.46875,4.28800011,490.0078125,265,18.63070297,73.79021454,14,10.45200157,1.78010464,26,4.06105661,-,-,-,-,-,-,-,5.09803915,19.54799843,30,5.43846035,-,-,10.77234554,9.28283691,0.34780881,57,57.50799942,0,14.10000038,-
Mon Aug 16 07:01:40 GMT+05:30 2021,16-Aug-2021 07:01:53.023,73.7902145,18.63070333,5.43,4.288,490.0078125,265.0,8.98950195,0.44136047,0.04309082,-0.03361759,-,-,-0.0197267,-0.05052043,0.08151553,-0.13398647,-,-,-,-,-,-,22.11764717,10.25454521,13.63354778,-,-,-,-,250.18031311,-,-,-,87,1.76992869,20.3921566,12.94117641,-,2429,-,-,-,-,-,-,-,-,1.96870399,32.81173325,-7.03125,-0.78125,4.28800011,490.0078125,265,18.63070297,73.79021454,14,10.45200157,2.37351346,26,3.91601896,-,-,-,-,-,-,-,5.09803915,19.54799843,30,6.95809412,-,-,10.86166191,9.20650291,0.35597548,58,58.42900085,0,14.10000038,-
Mon Aug 16 07:01:40 GMT+05:30 2021,16-Aug-2021 07:01:54.022,73.7902145,18.63070333,5.43,4.288,490.0078125,265.0,10.23448181,-0.70068359,2.2361908,-0.00789978,-,-,-0.21608855,-0.37950987,0.22624071,-0.38536608,-,-,-,-,-,-,22.11764717,10.25454521,13.63354778,-,-,-,-,248.05784607,-,-,-,87,1.76992869,20.3921566,11.76470566,-,2429,-,-,-,-,-,-,-,-,1.75429249,29.23820877,-7.03125,-0.78125,4.28800011,490.0078125,265,18.63070297,73.79021454,14,10.45200157,2.37351346,26,3.48090577,-,-,-,-,-,-,-,4.70588255,19.54799843,30,6.95809412,-,-,10.98399448,9.10396671,0.35597548,59,59.52299881,0,14.10000038,-
Mon Aug 16 07:01:40 GMT+05:30 2021,16-Aug-2021 07:01:55.020,73.7902145,18.63070333,5.43,4.288,490.0078125,265.0,8.31912231,-0.45167542,0.70150757,-0.06000154,-,-,0.05704705,0.04246485,-0.11202221,-0.01415443,-,-,-,-,-,-,22.26922989,10.43243217,13.63354778,-,-,-,-,248.05784607,-,-,-,87,1.76992869,16.07843208,9.4117651,-,2402.25,-,-,-,-,-,-,-,-,1.75429249,29.23820877,0,0,4.28800011,490.0078125,265,18.63070297,73.79021454,14,10.45200157,2.37351346,26,3.48090577,-,-,-,-,-,-,-,0,19.54799843,30,6.95809412,-,-,10.98399448,9.10396671,0.37087548,60,60.4620018,0,14.10000038,-
Mon Aug 16 07:01:40 GMT+05:30 2021,16-Aug-2021 07:01:56.020,73.7902145,18.63070333,5.43,4.288,490.0078125,265.0,8.72134399,1.76535034,-1.26412964,-0.00027994,-,-,0.09893367,0.08273499,-0.1156837,0.02733516,-,-,-,-,-,-,22.37735939,10.58928585,13.63354778,-,-,-,-,243.39672852,-,-,-,87,1.76992869,15.29411793,9.01960754,-,2292,-,-,-,-,-,-,-,-,1.44842887,24.14048004,0,0,4.28800011,490.0078125,265,18.63070297,73.79021454,14,8.45200157,2.37351346,26,3.04579258,-,-,-,-,-,-,-,0,19.54799843,28,6.95809412,-,-,11.29014397,8.85709858,0.37948686,61,61.48199844,0,14.10000038,-
Mon Aug 16 07:01:40 GMT+05:30 2021,16-Aug-2021 07:01:57.020,73.7902145,18.63070333,5.43,4.288,490.0078125,265.0,8.56811523,-0.054245,0.89064026,-0.04448081,-,-,0.00919752,-0.00683457,-0.10055246,-0.09640257,-,-,-,-,-,-,22.4629631,10.73451328,13.63354778,-,-,-,-,243.39672852,-,-,-,87,-,14.90196133,9.4117651,-,2142.25,-,-,-,-,-,-,-,-,1.44842887,24.14048004,0,0,4.28800011,490.0078125,265,18.63070297,73.79021454,14,7.45200157,-,26,3.04579258,-,-,-,-,-,-,-,0,19.54799843,27,-,-,-,11.29014397,8.85709858,0.38627782,62,62.45199966,0,14.10000038,-
Mon Aug 16 07:01:40 GMT+05:30 2021,16-Aug-2021 07:01:58.025,73.7902145,18.63070333,5.43,4.288,490.0078125,265.0,9.60241699,0.79090881,-0.07421875,-0.07484603,-,-,-0.11559096,-0.12959549,-0.06614008,-0.00512515,-,-,-,-,-,-,22.49090958,10.85087681,13.63354778,-,-,-,-,241.22047424,-,-,-,87,-,15.68627453,9.4117651,-,1916.5,-,-,-,-,-,-,-,-,1.41826069,23.63767815,0,0,4.28800011,490.0078125,265,18.63070297,73.79021454,14,4.45200157,-,26,3.19083023,-,-,-,-,-,-,-,0,19.54799843,24,-,-,-,11.43360519,8.74596596,0.39560658,63,63.4620018,0,14.10000038,-
Mon Aug 16 07:01:40 GMT+05:30 2021,16-Aug-2021 07:01:59.022,73.7902145,18.63070333,5.43,4.288,490.0078125,265.0,9.15708923,1.0039978,-0.01914978,-0.03710488,-,-,-0.15144242,-0.18694894,-0.17718549,-0.19256093,-,-,-,-,-,-,22.4642849,10.93913078,13.63354778,-,-,-,-,239.28103638,-,-,-,88,-,17.64705849,9.8039217,-,1720.25,-,-,-,-,-,-,-,-,1.32647753,22.10795975,0,0,4.28800011,490.0078125,265,18.63070297,73.79021454,14,1.45200157,-,26,3.33586788,-,-,-,-,-,-,-,0,19.54799843,21,-,-,-,11.55467987,8.65432167,0.40321907,64,64.43800354,0,14.10000038,-
Mon Aug 16 07:01:40 GMT+05:30 2021,16-Aug-2021 07:02:00.028,73.7902145,18.63070333,5.43,4.288,490.0078125,265.0,10.64868164,0.37910461,2.54264832,-0.00064509,-,-,0.05957733,0.0309951,0.10640866,-0.04075699,-,-,-,-,-,-,22.40350914,11.00862026,13.63354778,-,-,-,-,237.75550842,-,-,-,88,-,18.8235302,10.98039246,-,1556.25,-,-,-,-,-,-,-,-,1.29418051,21.56967354,0,0,4.28800011,490.0078125,265,18.63070297,73.79021454,14,0.54799843,-,26,3.62594342,-,-,-,-,-,-,-,0,19.54799843,19,-,-,-,11.63809967,8.59228897,0.40837464,65,65.57800293,0,14.10000038,-
Mon Aug 16 07:01:40 GMT+05:30 2021,16-Aug-2021 07:02:01.025,73.7902145,18.63070333,5.43,4.288,490.0078125,265.0,9.57128906,-1.32795715,0.87388611,-0.02711791,-,-,-0.06536251,-0.08517701,-0.16010217,0.02757937,-,-,-,-,-,-,22.40350914,11.00862026,13.63354778,-,-,-,-,236.41729736,-,-,-,87,-,18.8235302,11.37254906,-,1343.25,-,-,-,-,-,-,-,-,1.2176317,20.29386139,0,0,4.28800011,490.0078125,265,18.63070297,73.79021454,14,0.54799843,-,26,3.77098107,-,-,-,-,-,-,-,0.39215687,19.54799843,19,-,-,-,11.70767403,8.54122925,0.40837464,66,66.51799774,0,14.10000038,-
Mon Aug 16 07:01:40 GMT+05:30 2021,16-Aug-2021 07:02:02.022,73.7902145,18.63070333,5.43,4.288,490.0078125,265.0,14.41955566,-3.80355835,8.27197266,0.3665503,-,-,0.03302904,0.01830432,-0.11861258,-0.02733361,-,-,-,-,-,-,22.3103447,11.05982876,13.63354778,-,-,-,-,236.41729736,-,-,-,87,-,18.03921509,11.37254906,-,1343.25,-,-,-,-,-,-,-,-,1.2176317,20.29386139,-15.625,0,4.28800011,490.0078125,265,18.63070297,73.79021454,14,2.54799843,-,26,3.77098107,-,-,-,-,-,-,-,0.39215687,19.54799843,17,-,-,-,11.70767403,8.54122925,0.41609463,67,67.53800201,0,14.10000038,-
Mon Aug 16 07:01:40 GMT+05:30 2021,16-Aug-2021 07:02:03.021,73.7902145,18.63070333,5.43,4.288,490.0078125,265.0,9.092453,1.24819946,-3.90254211,0.00035369,-,-,-0.04224074,-0.12495719,-0.24845071,0.27700534,-,-,-,-,-,-,22.16949081,11.08474541,13.63354778,-,-,-,-,235.01541138,-,-,-,87,-,21.56862831,14.11764717,-,1182.75,-,-,-,-,-,-,-,-,1.05097759,17.51629257,-15.625,3.125,4.28800011,490.0078125,265,18.63070297,73.79021454,14,5.54799843,-,26,3.77098107,-,-,-,-,-,-,-,0.39215687,19.54799843,14,-,-,-,11.78469849,8.48540306,0.42151532,68,68.52999878,0,13.89999962,-
Mon Aug 16 07:01:40 GMT+05:30 2021,16-Aug-2021 07:02:04.019,73.7902145,18.63070333,5.43,4.288,490.0078125,265.0,8.0916748,-0.91615295,-1.88902283,-0.03586665,-,-,-0.10913534,-0.14033264,-0.19207253,-0.16107742,-,-,-,-,-,-,22.03333282,11.10924339,13.63354778,-,-,-,-,236.31442261,-,-,-,87,-,25.49019623,20,-,1216.25,-,-,-,-,-,-,-,-,1.72021985,28.67033195,-15.625,6.25,4.28800011,490.0078125,265,18.63070297,73.79021454,14,5.54799843,-,26,6.81677389,-,-,-,-,-,-,-,4.31372547,19.54799843,14,-,-,-,11.73237705,8.5232439,0.42494142,69,69.5039978,0,13.60000038,-
Mon Aug 16 07:01:40 GMT+05:30 2021,16-Aug-2021 07:02:05.020,73.7902145,18.63070333,5.43,4.288,490.0078125,265.0,10.16505432,0.01040649,-0.45489502,0.00388444,-,-,-0.05274132,-0.08786169,0.00439254,-0.21916193,-,-,-,-,-,-,21.88524628,11.125,13.63354778,-,-,-,-,236.31442261,-,-,-,87,-,47.05882263,20,-,999.25,-,-,-,-,-,-,-,-,1.72021985,28.67033195,-9.375,0,4.28800011,490.0078125,265,18.63070297,73.79021454,14,6.54799843,-,26,6.81677389,-,-,-,-,-,-,-,6.66666698,19.54799843,13,-,-,-,11.73237705,8.5232439,0.42815143,70,70.47499847,0,14,-
Mon Aug 16 07:01:40 GMT+05:30 2021,16-Aug-2021 07:02:06.020,73.7902145,18.63070333,5.43,4.288,490.0078125,265.0,9.09724426,1.73901367,-2.11886597,-0.03364705,-,-,0.07815099,0.05418037,-0.18279904,0.06540747,-,-,-,-,-,-,21.79032326,11.16528893,13.63354778,-,-,-,-,236.31442261,-,-,-,87,3.12926149,53.72549057,31.37254906,-,1297.25,-,-,-,-,-,-,-,-,1.89442742,31.5737915,-9.375,-2.34375,4.28800011,490.0078125,265,18.63070297,73.79021454,14,3.54799843,4.19640875,26,9.13737774,-,-,-,-,-,-,-,6.66666698,19.54799843,16,23.03457642,-,-,11.65253735,8.58164406,0.43482143,71,71.55400085,0,14,-
Mon Aug 16 07:01:40 GMT+05:30 2021,16-Aug-2021 07:02:07.020,73.7902145,18.63070333,5.43,4.288,490.0078125,265.0,9.87295532,0.86991882,0.01914978,-0.00594246,-,-,-0.0424605,-0.05759765,-0.03197191,0.00536935,-,-,-,-,-,-,21.74603081,11.2295084,13.63354778,-,-,-,-,238.47122192,-,-,-,87,5.23144293,53.72549057,29.80392075,-,1545.75,-,-,-,-,-,-,-,-,2.14708686,35.78478241,-9.375,-2.34375,4.28800011,490.0078125,265,18.63070297,73.79021454,14,0.54799843,7.01548052,26,7.97707558,-,-,-,-,-,-,-,7.45098066,19.54799843,19,32.31798553,-,-,11.58478355,8.63183308,0.44054297,72,72.53800201,0,14.10000038,-
Mon Aug 16 07:01:40 GMT+05:30 2021,16-Aug-2021 07:02:08.022,73.7902145,18.63070333,5.43,4.288,490.0078125,265.0,9.60002136,0.08462524,-0.29208374,-0.04318031,-,-,-0.05991087,-0.07761139,-0.13960159,0.02196581,-,-,-,-,-,-,21.734375,11.30894279,13.63354778,-,-,-,-,240.11013794,-,-,-,87,5.23144293,43.92156982,27.45098114,-,1681,-,-,-,-,-,-,-,-,2.37231684,39.53861237,-9.375,-2.34375,4.28800011,490.0078125,265,18.63070297,73.79021454,14,1.45200157,7.01548052,26,7.3969245,-,-,-,-,-,-,-,7.45098066,19.54799843,21,32.31798553,-,-,11.52802372,8.67433357,0.44523185,73,73.48600006,0,14.10000038,-
Mon Aug 16 07:01:40 GMT+05:30 2021,16-Aug-2021 07:02:09.023,73.7902145,18.63070333,5.43,4.288,490.0078125,265.0,9.89212036,1.34158325,0.37350464,-0.04045057,-,-,-0.01485043,-0.03636445,0.02806622,0.04295481,-,-,-,-,-,-,21.75384521,11.4032259,13.63354778,-,-,-,-,241.26307678,-,-,-,87,5.7018199,41.17647171,25.49019623,-,1814,-,-,-,-,-,-,-,-,2.42813158,40.46886063,-9.375,-1.5625,4.28800011,490.0078125,265,18.63070297,73.79021454,14,3.45200157,7.64626646,26,6.96181154,-,-,-,-,-,-,-,7.45098066,19.54799843,23,30.01499176,-,-,11.48303127,8.70832157,0.45072573,74,74.53299713,0,14.10000038,-
Mon Aug 16 07:01:40 GMT+05:30 2021,16-Aug-2021 07:02:10.020,73.7902145,18.63070333,5.43,4.288,490.0078125,265.0,9.32469177,-1.33514404,0.54109192,-0.05620944,-,-,-0.10572293,-0.14423832,-0.03978173,-0.24039513,-,-,-,-,-,-,21.75384521,11.4032259,13.63354778,-,-,-,-,241.26307678,-,-,-,87,5.7018199,41.17647171,22.74509811,-,1814,-,-,-,-,-,-,-,-,2.42813158,40.46886063,-9.375,-1.5625,4.28800011,490.0078125,265,18.63070297,73.79021454,14,3.45200157,7.64626646,26,6.96181154,-,-,-,-,-,-,-,7.45098066,19.54799843,23,30.01499176,-,-,11.48303127,8.70832157,0.45072573,75,75.56999969,0,14.10000038,-
Mon Aug 16 07:01:40 GMT+05:30 2021,16-Aug-2021 07:02:11.020,73.7902145,18.63070333,5.43,4.288,490.0078125,265.0,11.64227295,-0.27210999,-3.09809875,0.02907092,-,-,-0.27297026,-0.2999464,-0.01561965,-0.16083322,-,-,-,-,-,-,21.80303001,11.51200008,13.63354778,-,-,-,-,241.75747681,-,-,-,88,3.18093753,36.47058868,22.74509811,-,2027,-,-,-,-,-,-,-,-,2.3473022,39.1217041,-9.375,2.34375,4.28800011,490.0078125,265,18.63070297,73.79021454,14,5.45200157,4.26570749,26,6.23662281,-,-,-,-,-,-,-,7.45098066,19.54799843,25,14.98523045,-,-,11.45711231,8.72802162,0.46204573,76,76.3809967,0,14.10000038,-
Mon Aug 16 07:01:40 GMT+05:30 2021,16-Aug-2021 07:02:12.020,73.7902145,18.63070333,5.43,4.288,490.0078125,265.0,9.96873474,-0.22901917,-0.4118042,-0.0394079,-,-,0.03548084,0.00292888,-0.12300512,-0.22306763,-,-,-,-,-,-,21.86567116,11.6269846,13.63354778,-,-,-,-,242.03520203,-,-,-,88,2.70061588,34.50980377,20.3921566,-,2113.5,-,-,-,-,-,-,-,-,2.43992805,40.66546631,-9.375,-0.78125,4.28800011,490.0078125,265,18.63070297,73.79021454,14,6.45200157,3.62158561,26,5.80150938,-,-,-,-,-,-,-,7.45098066,19.54799843,26,12.20176411,-,-,11.43876266,8.74202251,0.46940532,77,77.55999756,0,14.10000038,-
Mon Aug 16 07:01:40 GMT+05:30 2021,16-Aug-2021 07:02:13.020,73.7902145,18.63070333,5.43,4.288,490.0078125,265.0,9.24328613,0.34320068,-1.95367432,-0.05745767,-,-,-0.18428616,-0.20232438,-0.08639647,-0.11714736,-,-,-,-,-,-,21.94117737,11.74803162,13.63354778,-,-,-,-,242.09906006,-,-,-,88,2.70061588,33.33333206,20.3921566,-,2179,-,-,-,-,-,-,-,-,2.41684675,40.28078079,-7.03125,3.90625,4.28800011,490.0078125,265,18.63070297,73.79021454,14,7.45200157,3.62158561,26,5.51143408,-,-,-,-,-,-,-,7.45098066,19.54799843,27,12.20176411,-,-,11.4285965,8.74979877,0.47563282,78,78.08699799,0,14.10000038,-
Mon Aug 16 07:01:40 GMT+05:30 2021,16-Aug-2021 07:02:14.019,73.7902145,18.63070333,5.43,4.288,490.0078125,265.0,9.03019714,1.58578491,-2.13562012,-0.06393427,-,-,-0.05187676,-0.08639647,-0.0946947,-0.22965643,-,-,-,-,-,-,22.04347801,11.8828125,13.63354778,-,-,-,-,242.02651978,-,-,-,88,3.87073874,30.98039246,19.6078434,-,2293.25,-,-,-,-,-,-,-,-,2.42617536,40.43625641,-7.03125,3.90625,4.28800011,490.0078125,265,18.63070297,73.79021454,14,9.45200157,5.19074631,26,5.36639643,-,-,-,-,-,-,-,7.45098066,19.54799843,29,16.11775208,-,-,11.42418194,8.75317955,0.48792171,79,79.55899811,0,14.10000038,-
Mon Aug 16 07:01:40 GMT+05:30 2021,16-Aug-2021 07:02:15.018,73.7902145,18.63070333,5.43,4.288,490.0078125,265.0,9.38693237,1.23384094,-2.03985596,-0.06008736,-,-,-0.09348132,-0.12202831,0.00561355,-0.17816074,-,-,-,-,-,-,22.04347801,11.8828125,13.63354778,-,-,-,-,241.57452393,-,-,-,88,3.87073874,30.98039246,18.03921509,-,2331.25,-,-,-,-,-,-,-,-,2.34635425,39.10590363,-7.03125,0,4.28800011,490.0078125,265,18.63070297,73.79021454,14,9.45200157,5.19074631,26,4.931283,-,-,-,-,-,-,-,7.05882359,19.54799843,29,16.11775208,-,-,11.43773556,8.74280739,0.48792171,80,80.5530014,0,14.10000038,-
Mon Aug 16 07:01:40 GMT+05:30 2021,16-Aug-2021 07:02:16.020,73.7902145,18.63070333,5.43,4.288,490.0078125,265.0,9.00146484,-1.33514404,1.63523865,-0.07378387,-,-,0.00938782,-0.01415599,-0.20574011,0.00927504,-,-,-,-,-,-,22.2394371,12.14615345,13.63354778,-,-,-,-,240.58378601,-,-,-,88,3.87073874,27.84313774,14.90196037,-,2342.25,-,-,-,-,-,-,-,-,1.96431053,32.73850632,-7.03125,0,4.28800011,490.0078125,265,18.63070297,73.79021454,14,9.45200157,5.19074631,26,4.06105661,-,-,-,-,-,-,-,5.88235283,19.54799843,29,16.11775208,-,-,11.48524189,8.70664406,0.50438726,81,81.4980011,0,14.10000038,-
Mon Aug 16 07:01:40 GMT+05:30 2021,16-Aug-2021 07:02:17.023,73.7902145,18.63070333,5.43,4.288,490.0078125,265.0,10.63670349,-1.900177,2.42053223,-0.04341394,-,-,-0.20076941,-0.25382006,0.05052043,-0.24942598,-,-,-,-,-,-,22.31944466,12.26717567,13.63354778,-,-,-,-,238.83363342,-,-,-,88,3.87073874,14.90196133,8.62745094,-,2208.75,-,-,-,-,-,-,-,-,1.40969932,23.4949894,-7.03125,0,4.28800011,490.0078125,265,18.63070297,73.79021454,14,8.45200157,5.19074631,26,2.90075469,-,-,-,-,-,-,-,0,19.54799843,28,16.11775208,-,-,11.6132164,8.61069965,0.51114017,82,82.56500244,0,14.10000038,-
Mon Aug 16 07:01:40 GMT+05:30 2021,16-Aug-2021 07:02:18.019,73.7902145,18.63070333,5.43,4.288,490.0078125,265.0,7.59606934,1.67677307,-1.36470032,-0.0567749,-,-,-0.01977275,-0.05076464,-0.03636445,-0.21354993,-,-,-,-,-,-,22.31944466,12.26717567,13.63354778,-,-,-,-,238.83363342,-,-,-,88,3.87073874,14.90196133,8.62745094,-,2208.75,-,-,-,-,-,-,-,-,1.40969932,23.4949894,0,0,4.28800011,490.0078125,265,18.63070297,73.79021454,14,8.45200157,5.19074631,26,2.90075469,-,-,-,-,-,-,-,0,19.54799843,28,16.11775208,-,-,11.6132164,8.61069965,0.51114017,83,83.48400116,0,14.10000038,-
Mon Aug 16 07:01:40 GMT+05:30 2021,16-Aug-2021 07:02:19.019,73.7902145,18.63070333,5.43,4.288,490.0078125,265.0,12.4491272,-0.83953857,4.68545532,-0.02461596,-,-,-0.0646001,-0.13960159,0.16156584,-0.27187863,-,-,-,-,-,-,22.35616493,12.36363602,13.63354778,-,-,-,-,237.28439331,-,-,-,88,-,18.03921509,9.01960754,-,1659.25,-,-,-,-,-,-,-,-,1.46228659,24.37144279,0,0,4.28800011,490.0078125,265,18.63070297,73.79021454,14,5.45200157,-,26,3.19083023,-,-,-,-,-,-,-,0,19.54799843,25,-,-,-,11.71786308,8.53380203,0.52387488,84,84.49500275,0,14.10000038,-
Mon Aug 16 07:01:40 GMT+05:30 2021,16-Aug-2021 07:02:20.019,73.7902145,18.63070333,5.43,4.288,490.0078125,265.0,10.13632202,1.91618347,-3.4069519,0.09116912,-,-,-0.03228045,-0.11031435,-0.02855462,0.31166193,-,-,-,-,-,-,22.35135078,12.43609047,13.63354778,-,-,-,-,235.93034363,-,-,-,88,-,23.13725471,12.15686321,-,1170.25,-,-,-,-,-,-,-,-,1.39808345,23.3013916,-15.625,0,4.28800011,490.0078125,265,18.63070297,73.79021454,14,2.45200157,-,26,4.06105661,-,-,-,-,-,-,-,0,19.54799843,22,-,-,-,11.80229378,8.47275352,0.53067029,85,85.32299805,0,13.89999962,-
Mon Aug 16 07:01:40 GMT+05:30 2021,16-Aug-2021 07:02:21.019,73.7902145,18.63070333,5.43,4.288,490.0078125,265.0,9.9447937,-2.05101013,1.44848633,-0.00648694,-,-,0.06767552,0.02952988,-0.15863696,0.17694284,-,-,-,-,-,-,22.31999969,12.4925375,13.63354778,-,-,-,-,234.30477905,-,-,-,88,-,25.09803963,14.11764717,-,1063.75,-,-,-,-,-,-,-,-,1.05648458,17.6080761,-15.625,-2.34375,4.28800011,490.0078125,265,18.63070297,73.79021454,14,0.45200157,-,26,4.35113192,-,-,-,-,-,-,-,0,19.54799843,20,-,-,-,11.92420101,8.38613224,0.53586781,86,86.4960022,0,14,-
Mon Aug 16 07:01:40 GMT+05:30 2021,16-Aug-2021 07:02:22.018,73.7902145,18.63070333,5.43,4.288,490.0078125,265.0,9.28877258,-0.08776855,-0.23942566,-0.04221093,-,-,-0.00084109,-0.01561965,-0.09322949,0.01025185,-,-,-,-,-,-,22.25,12.52592564,13.63354778,-,-,-,-,232.85134888,-,-,-,88,-,28.62745094,14.90196037,-,942.5,-,-,-,-,-,-,-,-,1.02436054,17.0726757,-15.625,-2.34375,4.28800011,490.0078125,265,18.63070297,73.79021454,14,2.54799843,-,26,4.6412077,-,-,-,-,-,-,-,0,19.54799843,17,-,-,-,12.02553177,8.31546783,0.54210645,87,87.41300201,0,14,-
Mon Aug 16 07:01:40 GMT+05:30 2021,16-Aug-2021 07:02:23.018,73.7902145,18.63070333,5.43,4.288,490.0078125,265.0,8.42446899,-0.9616394,-3.23455811,-0.01302872,-,-,0.18861254,0.16327371,-0.23405053,-0.00146366,-,-,-,-,-,-,22.25,12.52592564,13.63354778,-,-,-,-,231.65113831,-,-,-,88,-,28.62745094,16.07843208,-,970.25,-,-,-,-,-,-,-,-,0.96432525,16.07208824,-15.625,1.5625,4.28800011,490.0078125,265,18.63070297,73.79021454,14,2.54799843,-,26,4.931283,-,-,-,-,-,-,-,0,19.54799843,17,-,-,-,12.09925652,8.26479912,0.54210645,88,88.54599762,0,13.89999962,-
Mon Aug 16 07:01:40 GMT+05:30 2021,16-Aug-2021 07:02:24.019,73.7902145,18.63070333,5.43,4.288,490.0078125,265.0,10.81626892,-0.19549561,0.34237671,0.01715319,-,-,0.16509637,0.08151397,-0.0107387,0.35998452,-,-,-,-,-,-,22.05128288,12.55474472,13.63354778,-,-,-,-,230.69543457,-,-,-,88,-,27.84313774,15.29411793,-,1037.5,-,-,-,-,-,-,-,-,0.93432266,15.57204437,-15.625,1.5625,4.28800011,490.0078125,265,18.63070297,73.79021454,14,5.54799843,-,26,4.6412077,-,-,-,-,-,-,-,0,19.54799843,14,-,-,-,12.15061855,8.22986221,0.55206186,89,89.55599976,0,14.10000038,-
Mon Aug 16 07:01:40 GMT+05:30 2021,16-Aug-2021 07:02:25.018,73.7902145,18.63070333,5.43,4.288,490.0078125,265.0,10.67501831,-0.34872437,1.70706177,-0.0095312,-,-,0.07135899,0.04759,-0.20061496,0.036366,-,-,-,-,-,-,21.93670845,12.557971,13.63354778,-,-,-,-,230.02163696,-,-,-,88,-,25.49019623,14.11764717,-,1007,-,-,-,-,-,-,-,-,0.96786112,16.13101959,-15.625,0.78125,4.28800011,490.0078125,265,18.63070297,73.79021454,14,6.54799843,-,26,4.49617004,-,-,-,-,-,-,-,0,19.54799843,13,-,-,-,12.18028545,8.20981789,0.55541813,90,90.55000305,0,14.10000038,-
Mon Aug 16 07:01:40 GMT+05:30 2021,16-Aug-2021 07:02:26.019,73.7902145,18.63070333,5.43,4.288,490.0078125,265.0,8.34545898,1.36552429,0.296875,-0.05379051,-,-,0.05666974,0.03367977,-0.08615227,0.10665442,-,-,-,-,-,-,21.93670845,12.557971,13.63354778,-,-,-,-,230.02163696,-,-,-,88,-,25.49019623,15.29411793,-,1007,-,-,-,-,-,-,-,-,0.99668366,16.61139297,-16.40625,-1.5625,4.28800011,490.0078125,265,18.63070297,73.79021454,14,6.54799843,-,27,4.78624535,-,-,-,-,-,-,-,0,19.54799843,13,-,-,-,12.19120598,8.20246315,0.55541813,91,91.56700134,0,14,-
Mon Aug 16 07:01:40 GMT+05:30 2021,16-Aug-2021 07:02:27.019,73.7902145,18.63070333,5.43,4.288,490.0078125,265.0,9.14033508,-0.82757568,-0.10295105,-0.06110717,-,-,-0.17910424,-0.19548981,-0.13008234,0.00122101,-,-,-,-,-,-,21.78750038,12.53956795,13.63354778,-,-,-,-,230.02163696,-,-,-,88,-,28.62745094,15.29411793,-,935.25,-,-,-,-,-,-,-,-,0.99668366,16.61139297,-16.40625,-0.78125,4.28800011,490.0078125,265,18.63070297,73.79021454,14,9.54799843,-,27,4.78624535,-,-,-,-,-,-,-,0,19.54799843,10,-,-,-,12.19120598,8.20246315,0.56018746,92,92.41799927,0,13.30000019,-
Mon Aug 16 07:01:40 GMT+05:30 2021,16-Aug-2021 07:02:28.019,73.7902145,18.63070333,5.43,4.288,490.0078125,265.0,8.68544006,0.45332336,-1.77648926,-0.08230815,-,-,-0.10861181,-0.13081494,-0.08005031,-0.15644069,-,-,-,-,-,-,21.62962914,12.51428604,13.63354778,-,-,-,-,230.02163696,-,-,-,88,-,28.62745094,16.07843208,-,956.25,-,-,-,-,-,-,-,-,0.9537192,15.89531994,-16.40625,2.34375,4.28800011,490.0078125,265,18.63070297,73.79021454,14,10.54799843,-,27,4.931283,-,-,-,-,-,-,-,0,19.54799843,9,-,-,-,12.16987991,8.21683693,0.56353885,93,93.43499756,0,13.39999962,-
Mon Aug 16 07:01:40 GMT+05:30 2021,16-Aug-2021 07:02:29.019,73.7902145,18.63070333,5.43,4.288,490.0078125,265.0,10.19378662,-0.79405212,0.43334961,0.0269444,-,-,0.04356187,0.02586995,-0.15180394,0.01122711,-,-,-,-,-,-,21.46341515,12.48226929,13.63354778,-,-,-,-,230.02163696,-,-,-,88,-,29.01960754,16.47058868,-,943,-,-,-,-,-,-,-,-,1.03249478,17.20824623,-16.40625,0,4.28800011,490.0078125,265,18.63070297,73.79021454,14,11.54799843,-,27,5.22135878,-,-,-,-,-,-,-,0,19.54799843,8,-,-,-,12.12724686,8.24572372,0.56559068,94,94.54699707,0,13.5,-
Mon Aug 16 07:01:40 GMT+05:30 2021,16-Aug-2021 07:02:30.018,73.7902145,18.63070333,5.43,4.288,490.0078125,265.0,11.0987854,-0.79644775,-0.31364441,-0.04745646,-,-,-0.12162246,-0.13740531,-0.12227251,0.00268468,-,-,-,-,-,-,21.27710915,12.43661976,13.63354778,-,-,-,-,230.02163696,-,-,-,88,-,29.41176605,16.86274529,-,928,-,-,-,-,-,-,-,-,1.01818836,16.96980667,-16.40625,1.5625,4.28800011,490.0078125,265,18.63070297,73.79021454,14,13.54799843,-,27,5.22135878,-,-,-,-,-,-,-,0,19.54799843,6,-,-,-,12.07516956,8.28128529,0.56778598,95,95.56999969,0,13.5,-
Mon Aug 16 07:01:40 GMT+05:30 2021,16-Aug-2021 07:02:31.019,73.7902145,18.63070333,5.43,4.288,490.0078125,265.0,9.58326721,-0.98558044,0.12928772,-0.02905616,-,-,-0.00725349,-0.0312393,-0.05418037,0.1093391,-,-,-,-,-,-,21.27710915,12.43661976,13.63354778,-,-,-,-,230.02163696,-,-,-,89,-,29.41176605,16.86274529,-,928,-,-,-,-,-,-,-,-,0.94632608,15.7721014,-16.40625,1.5625,4.28800011,490.0078125,265,18.63070297,73.79021454,14,13.54799843,-,27,4.931283,-,-,-,-,-,-,-,0,19.54799843,6,-,-,-,12.00607395,8.32894421,0.56778598,96,96.5019989,0,13.60000038,-
Mon Aug 16 07:01:40 GMT+05:30 2021,16-Aug-2021 07:02:32.019,73.7902145,18.63070333,5.43,4.288,490.0078125,265.0,10.06210327,-0.10691833,0.45249939,-0.04885932,-,-,-0.06930936,-0.08688488,-0.09347369,0.05027623,-,-,-,-,-,-,21.05952454,12.37062931,13.63354778,-,-,-,-,230.02163696,-,-,-,89,-,29.41176605,16.86274529,-,940.5,-,-,-,-,-,-,-,-,0.98728096,16.4546833,-16.40625,-0.78125,4.28800011,490.0078125,265,18.63070297,73.79021454,14,16.54799843,-,27,5.07632065,-,-,-,-,-,-,-,0,19.54799843,3,-,-,-,11.89931774,8.4036684,0.5696972,97,97.51300049,0,13.80000019,-
Mon Aug 16 07:01:40 GMT+05:30 2021,16-Aug-2021 07:02:33.018,73.7902145,18.63070333,5.43,4.288,490.0078125,265.0,9.05413818,-0.26254272,-0.05986023,-0.09290308,-,-,-0.03110408,-0.04685895,-0.11324323,-0.08200238,-,-,-,-,-,-,21.05952454,12.28472233,13.63354778,-,-,-,-,230.02163696,-,-,-,89,-,29.80392265,16.86274529,-,921.5,-,-,-,-,-,-,-,-,0.98728096,16.4546833,-16.40625,0.78125,4.28800011,490.0078125,265,18.63070297,73.79021454,14,19.54799843,-,27,5.07632065,-,-,-,-,-,-,-,0,19.54799843,0,-,-,-,11.89931774,8.4036684,0.5696972,98,97.60700226,0.903,13.89999962,-
Mon Aug 16 07:01:40 GMT+05:30 2021,16-Aug-2021 07:02:34.019,73.7902145,18.63070333,5.43,4.288,490.0078125,265.0,9.19779968,-0.21943665,-0.11013794,-0.0518069,-,-,0.01409992,0.0002442,-0.05125149,-0.04466112,-,-,-,-,-,-,21.05952454,12.19999981,13.63354778,-,-,-,-,230.02163696,-,-,-,89,-,29.01960754,16.86274529,-,947.75,-,-,-,-,-,-,-,-,0.93969774,15.66162872,-15.625,0.78125,4.28800011,490.0078125,265,18.63070297,73.79021454,14,19.54799843,-,27,4.931283,-,-,-,-,-,-,-,0,19.54799843,0,-,-,-,11.89265156,8.4083786,0.5696972,99,97.60700226,1.94400001,13.89999962,-
Mon Aug 16 07:01:40 GMT+05:30 2021,16-Aug-2021 07:02:35.019,73.7902145,18.63070333,5.43,4.288,490.0078125,265.0,9.3270874,-0.05664062,-0.06942749,-0.04899568,-,-,-0.025935,-0.04075854,-0.07809824,0.01561965,-,-,-,-,-,-,21.05952454,12.11643791,13.63354778,-,-,-,-,230.02163696,-,-,-,89,-,29.41176605,16.47058868,-,915.25,-,-,-,-,-,-,-,-,0.99489158,16.5815258,-15.625,0.78125,4.28800011,490.0078125,265,18.63070297,73.79021454,14,19.54799843,-,27,5.07632065,-,-,-,-,-,-,-,0,19.54799843,0,-,-,-,11.88606644,8.4130373,0.5696972,100,97.60700226,2.87599993,13.89999962,-
Mon Aug 16 07:01:40 GMT+05:30 2021,16-Aug-2021 07:02:36.018,73.7902145,18.63070333,5.43,4.288,490.0078125,265.0,9.8011322,0.19474792,-0.95529175,-0.05011205,-,-,0.00046496,-0.01317918,-0.07175364,-0.04295326,-,-,-,-,-,-,21.05952454,12.03401375,13.63354778,-,-,-,-,230.02163696,-,-,-,89,-,29.41176605,16.86274529,-,912,-,-,-,-,-,-,-,-,0.96077502,16.01291656,-15.625,-0.78125,4.28800011,490.0078125,265,18.63070297,73.79021454,14,19.54799843,-,27,5.07632065,-,-,-,-,-,-,-,0,19.54799843,0,-,-,-,11.87956047,8.4176445,0.5696972,101,97.60700226,3.95900011,13.80000019,-
Mon Aug 16 07:01:40 GMT+05:30 2021,16-Aug-2021 07:02:37.018,73.7902145,18.63070333,5.43,4.288,490.0078125,265.0,9.41087341,0.16123962,-0.39025879,-0.05126885,-,-,-0.05464936,-0.07077683,-0.06711534,-0.10225877,-,-,-,-,-,-,21.05952454,11.95270252,13.63354778,-,-,-,-,230.02163696,-,-,-,89,-,29.01960754,16.47058868,-,918,-,-,-,-,-,-,-,-,0.93001014,15.5001688,-16.40625,1.5625,4.28800011,490.0078125,265,18.63070297,73.79021454,14,19.54799843,-,27,4.931283,-,-,-,-,-,-,-,0,19.54799843,0,-,-,-,11.87313271,8.42220211,0.5696972,102,97.60700226,4.9289999,13.80000019,-
Mon Aug 16 07:01:40 GMT+05:30 2021,16-Aug-2021 07:02:38.018,73.7902145,18.63070333,5.43,4.288,490.0078125,265.0,9.71495056,-0.19309998,0.21548462,-0.05026656,-,-,-0.06391102,-0.07809824,-0.03709706,-0.02952988,-,-,-,-,-,-,21.05952454,11.95270252,13.63354778,-,-,-,-,230.02163696,-,-,-,89,-,29.01960754,16.47058868,-,885.75,-,-,-,-,-,-,-,-,0.93612862,15.60214424,-16.40625,0,4.28800011,490.0078125,265,18.63070297,73.79021454,14,19.54799843,-,27,4.931283,-,-,-,-,-,-,-,0,19.54799843,0,-,-,-,11.86678028,8.42671108,0.5696972,103,97.60700226,5.90500021,13.89999962,-
Mon Aug 16 07:02:39 GMT+05:30 2021,16-Aug-2021 07:02:39.018,73.78748981,18.62986834,0.63,15.008,498.55078125,252.3,9.22174072,-0.07579041,0.13887024,-0.07608795,-,-,-0.01249317,-0.02782357,-0.0524725,-0.08859275,-,-,-,-,-,-,21.05952454,11.87248325,13.63354778,-,-,-,-,230.02163696,-,-,-,89,-,29.41176605,16.86274529,-,885.75,-,-,-,-,-,-,-,-,0.93612862,15.60214424,-16.40625,0.78125,15.00800037,498.55078125,252.30000305,18.62986755,73.78749084,14,19.54799843,-,27,4.931283,-,-,-,-,-,-,-,0,-,0,-,-,-,11.86678028,8.42671108,0.5696972,104,97.60700226,6.94700003,13.89999962,-
Mon Aug 16 07:02:40 GMT+05:30 2021,16-Aug-2021 07:02:40.019,73.78753381,18.62976456,0.0,6.432,498.4603271484375,0.0,9.43243408,-0.19309998,-0.13407898,-0.0486057,-,-,-0.01731082,0.90846717,-1.00535822,-0.10958175,-,-,-,-,-,-,21.05952454,11.79333305,13.63354778,-,-,-,-,230.02163696,-,-,-,89,-,29.01960754,16.47058868,-,913.5,-,-,-,-,-,-,-,-,0.92980766,15.4967947,-15.625,0,6.43200016,498.46032715,0,18.62976456,73.78753662,6,0,-,27,5.07632065,-,-,-,-,-,-,-,0,-,0,-,-,-,11.86050129,8.43117142,0.5696972,105,97.60700226,7.93900013,13.89999962,-
Mon Aug 16 07:02:41 GMT+05:30 2021,16-Aug-2021 07:02:41.018,73.78754041,18.62977119,0.0,4.288,498.5523681640625,0.0,9.36538696,-0.42294312,-0.76374817,-0.04836018,-,-,-0.0743131,0.85233319,-1.02878761,-0.09444895,-,-,-,-,-,-,21.05952454,11.7152319,13.63354778,-,-,-,-,230.02163696,-,-,-,89,-,29.41176605,16.86274529,-,909.25,-,-,-,-,-,-,-,-,0.95447654,15.90794182,-15.625,-1.5625,4.28800011,498.55236816,0,18.62977028,73.78753662,14,0,-,27,5.07632065,-,-,-,-,-,-,-,0,0,0,-,-,-,11.84815884,8.43995476,0.5696972,106,97.60700226,8.89500046,13.89999962,-
Mon Aug 16 07:02:42 GMT+05:30 2021,16-Aug-2021 07:02:42.017,73.78754098,18.62975819,0.0,4.288,498.52099609375,0.0,9.59043884,0.26179504,-0.07421875,-0.04689841,-,-,-0.05022774,0.8769837,-1.0221988,-0.08737173,-,-,-,-,-,-,21.05952454,11.63815784,13.63354778,-,-,-,-,230.02163696,-,-,-,89,-,29.41176605,16.86274529,-,895.5,-,-,-,-,-,-,-,-,0.95447654,15.90794182,-15.625,0.78125,4.28800011,498.52099609,0,18.62975883,73.78754425,14,0,-,27,5.07632065,-,-,-,-,-,-,-,0,0,0,-,-,-,11.84815884,8.43995476,0.5696972,107,97.60700226,9.56799984,13.89999962,-
Mon Aug 16 07:02:42 GMT+05:30 2021,16-Aug-2021 07:02:43.018,73.78754098,18.62975819,0.0,4.288,498.52099609375,0.0,9.59043884,0.26179504,-0.07421875,-0.04689841,-,-,-0.05022774,0.8769837,-1.0221988,-0.08737173,-,-,-,-,-,-,21.05952454,11.56209183,13.63354778,-,-,-,-,230.02163696,-,-,-,89,-,29.41176605,16.47058868,-,887.75,-,-,-,-,-,-,-,-,0.94004261,15.66737747,-15.625,0.78125,4.28800011,498.52099609,0,18.62975883,73.78754425,14,0,-,27,5.07632065,-,-,-,-,-,-,-,0,0,0,-,-,-,11.84209251,8.44427776,0.5696972,108,97.60700226,10.90999985,13.89999962,-
Mon Aug 16 07:02:44 GMT+05:30 2021,16-Aug-2021 07:02:44.018,73.78753624,18.6297461,0.0,3.216,498.7283935546875,0.0,10.09562683,0.07025146,-0.11013794,-0.04609904,-,-,-0.01490549,-0.03197191,-0.08151553,-0.11494954,-,-,-,-,-,-,21.05952454,11.48701286,13.63354778,-,-,-,-,230.02163696,-,-,-,89,-,29.80392265,17.25490189,-,886.25,-,-,-,-,-,-,-,-,0.93190718,15.53178596,-16.40625,-1.5625,3.21600008,498.72839355,0,18.62974548,73.78753662,14,0,-,27,5.07632065,-,-,-,-,-,-,-,0,0,0,-,-,-,11.83609295,8.44855785,0.5696972,109,97.60700226,11.95600033,13.89999962,-
Mon Aug 16 07:02:45 GMT+05:30 2021,16-Aug-2021 07:02:45.017,73.78753609,18.62974836,0.0,3.216,498.842041015625,0.0,9.12597656,-0.07339478,-0.39265442,-0.08509743,-,-,-0.01167977,-0.02757937,-0.0634554,-0.1000625,-,-,-,-,-,-,21.05952454,11.41290283,13.63354778,-,-,-,-,230.02163696,-,-,-,89,-,29.41176605,16.86274529,-,914.75,-,-,-,-,-,-,-,-,0.95691347,15.94855785,-16.40625,0,3.21600008,498.84204102,0,18.6297493,73.78753662,14,0,-,27,5.22135878,-,-,-,-,-,-,-,0,0,0,-,-,-,11.83016014,8.45279503,0.5696972,110,97.60700226,12.92599964,13.89999962,-
Mon Aug 16 07:02:46 GMT+05:30 2021,16-Aug-2021 07:02:46.018,73.7875351,18.62974542,0.0,3.216,498.97265625,0.0,9.83226013,0.0606842,-0.39982605,-0.04513484,-,-,-0.04178037,-0.05613399,-0.06052653,0.00414989,-,-,-,-,-,-,21.05952454,11.33974361,13.63354778,-,-,-,-,230.02163696,-,-,-,89,-,29.41176605,16.47058868,-,881.75,-,-,-,-,-,-,-,-,0.98768586,16.4614315,-15.625,0,3.21600008,498.97265625,0,18.62974548,73.78753662,14,0,-,27,5.22135878,-,-,-,-,-,-,-,0,0,0,-,-,-,11.82429218,8.45699024,0.5696972,111,97.60700226,13.83500004,14,-
Mon Aug 16 07:02:47 GMT+05:30 2021,16-Aug-2021 07:02:47.018,73.78753301,18.62975019,0.0,3.216,499.199951171875,0.0,9.31031799,-0.10452271,-0.65361023,-0.04799475,-,-,0.00259024,-0.01391178,-0.05784185,-0.10811653,-,-,-,-,-,-,21.05952454,11.33974361,13.63354778,-,-,-,-,230.02163696,-,-,-,89,-,29.41176605,16.47058868,-,881.75,-,-,-,-,-,-,-,-,0.98768586,16.4614315,-15.625,0,3.21600008,499.19995117,0,18.6297493,73.78753662,15,0,-,27,5.22135878,-,-,-,-,-,-,-,0,0,0,-,-,-,11.82429218,8.45699024,0.5696972,112,97.60700226,14.88500023,13.89999962,-
Mon Aug 16 07:02:48 GMT+05:30 2021,16-Aug-2021 07:02:48.018,73.78753154,18.62974534,0.0,3.216,499.2987060546875,0.0,9.66705322,-0.25535583,-1.08218384,-0.04961533,-,-,-0.04894928,-0.06467486,-0.09201003,-0.09322949,-,-,-,-,-,-,21.05952454,11.26751614,13.63354778,-,-,-,-,230.02163696,-,-,-,89,-,29.41176605,16.86274529,-,900.25,-,-,-,-,-,-,-,-,0.95205468,15.86757755,-15.625,0.78125,3.21600008,499.29870605,0,18.62974548,73.78752899,15,0,-,27,5.22135878,-,-,-,-,-,-,-,0,0,0,-,-,-,11.81848717,8.46114349,0.5696972,113,97.60700226,15.94699955,14,-
Mon Aug 16 07:02:49 GMT+05:30 2021,16-Aug-2021 07:02:49.018,73.78753277,18.62974652,0.0,3.216,499.42236328125,0.0,8.70698547,-0.48519897,0.00479126,-0.05379708,-,-,-0.01613863,-0.02977564,-0.06980001,-0.02318527,-,-,-,-,-,-,21.05952454,11.19620228,13.63354778,-,-,-,-,230.02163696,-,-,-,89,-,29.80392265,16.86274529,-,886.25,-,-,-,-,-,-,-,-,0.98155236,16.35920525,-15.625,-1.5625,3.21600008,499.42236328,0,18.62974739,73.78752899,9,0,-,27,5.36639643,-,-,-,-,-,-,-,0,0,0,-,-,-,11.8070631,8.46933079,0.5696972,114,97.60700226,16.96100044,14,-
Mon Aug 16 07:02:50 GMT+05:30 2021,16-Aug-2021 07:02:50.018,73.78753375,18.62974435,0.0,4.288,499.412841796875,0.0,9.37496948,0.28094482,-0.44770813,-0.04369353,-,-,-0.03879117,-0.05540138,-0.05808606,-0.10811653,-,-,-,-,-,-,21.05952454,11.12578583,13.63354778,-,-,-,-,230.02163696,-,-,-,89,-,29.80392265,16.86274529,-,886.25,-,-,-,-,-,-,-,-,0.98155236,16.35920525,-15.625,0,4.28800011,499.4128418,0,18.62974358,73.78753662,11,0,-,27,5.36639643,-,-,-,-,-,-,-,0,0,0,-,-,-,11.8070631,8.46933079,0.5696972,115,97.60700226,17.88999939,14,-
