 Device Time,Trip Time(Since journey start)(s),Engine RPM(rpm),Speed (OBD)(km/h),Engine kW (At the wheels)(kW),Torque(Nm),,,
35:45.3,0,683,0,-,-,#VALUE!,71.55238095,#VALUE!
35:46.3,0,670.5,0,-,-,#VALUE!,70.24285714,#VALUE!
35:47.3,0,670.5,0,-,-,#VALUE!,70.24285714,#VALUE!
35:48.3,0,670.5,0,-,-,#VALUE!,70.24285714,#VALUE!
35:49.3,0,670.5,0,-,-,#VALUE!,70.24285714,#VALUE!
35:50.3,0,670.5,0,-,-,#VALUE!,70.24285714,#VALUE!
35:51.3,0,670.5,0,-,-,#VALUE!,70.24285714,#VALUE!
35:52.3,0,670.5,0,-,-,#VALUE!,70.24285714,#VALUE!
35:53.3,0,670.5,0,-,-,#VALUE!,70.24285714,#VALUE!
35:54.3,0,685,0,-,-,#VALUE!,71.76190476,#VALUE!
35:55.3,0,685,0,-,-,#VALUE!,71.76190476,#VALUE!
35:56.3,0,685,0,-,-,#VALUE!,71.76190476,#VALUE!
35:57.3,0,673.5,0,-,-,#VALUE!,70.55714286,#VALUE!
35:58.3,0,673.5,0,-,-,#VALUE!,70.55714286,#VALUE!
35:59.3,0,669.75,0,-,-,#VALUE!,70.16428571,#VALUE!
36:00.3,0,669.75,0,-,-,#VALUE!,70.16428571,#VALUE!
36:01.3,0,633,0,-,-,#VALUE!,66.31428571,#VALUE!
36:02.3,0,633,0,-,-,#VALUE!,66.31428571,#VALUE!
36:03.3,0,1304.75,9,4.47112846,32.72290802,136.6360367,136.6880952,0.999619143
36:04.3,1,1304.75,9,4.47112846,32.72290802,136.6360367,136.6880952,0.999619143
36:05.3,2,2203.75,16,6.74026012,29.20628548,230.781149,230.8690476,0.999619271
36:06.3,3,2203.75,16,6.74026012,29.20628548,230.781149,230.8690476,0.999619271
36:07.3,4,1197.25,17,0.91409612,7.29069662,125.3784333,125.4261905,0.999619241
36:08.3,5,1197.25,17,0.91409612,7.29069662,125.3784333,125.4261905,0.999619241
36:09.3,6,1787.75,25,11.37101936,60.7371788,187.2167852,187.2880952,0.99961925
36:10.3,7,1787.75,25,11.37101936,60.7371788,187.2167852,187.2880952,0.99961925
36:11.3,8,2095.5,29,6.47925043,29.52562714,219.4449723,219.5285714,0.999619188
36:12.3,9,2095.5,29,6.47925043,29.52562714,219.4449723,219.5285714,0.999619188
36:13.3,10,1408.5,30,1.64088058,11.12454224,147.5009528,147.5571429,0.999619198
36:14.3,11,1408.5,30,1.64088058,11.12454224,147.5009528,147.5571429,0.999619198
36:15.3,12,1599.25,33,5.83121014,34.81804276,167.4766781,167.5404762,0.999619208
36:16.3,13,1783,33,5.83121014,34.81804276,167.4766781,186.7904762,0.896601805
36:17.3,14,1783,35,4.02005577,21.52993584,186.7193567,186.7904762,0.999619255
36:18.3,15,1327,37,4.21615839,30.33947372,138.9661017,139.0190476,0.999619146
36:19.3,16,1327,37,4.21615839,30.33947372,138.9661017,139.0190476,0.999619146
36:20.3,17,1457.75,39,4.52034426,29.61082458,152.6585066,152.7166667,0.999619164
36:21.3,18,1457.75,39,4.52034426,29.61082458,152.6585066,152.7166667,0.999619164
36:22.3,19,1548.75,42,7.54077864,46.49399948,162.1882119,162.25,0.99961918
36:23.3,20,1548.75,42,7.54077864,46.49399948,162.1882119,162.25,0.99961918
36:24.3,21,1608.25,43,2.60958409,15.49457741,168.4191844,168.4833333,0.999619256
36:25.3,22,1608.25,43,2.60958409,15.49457741,168.4191844,168.4833333,0.999619256
36:26.3,23,1642.5,46,8.06678486,46.89830017,172.0059113,172.0714286,0.999619244
36:27.3,24,1681.25,46,8.06678486,46.89830017,172.0059113,176.1309524,0.976579693
36:28.3,25,1681.25,46,8.06678486,46.89830017,172.0059113,176.1309524,0.976579693
36:29.3,26,1721.75,48,5.4840641,30.41546631,180.3051133,180.3738095,0.999619145
36:30.3,27,1721.75,48,5.4840641,30.41546631,180.3051133,180.3738095,0.999619145
36:31.3,28,1778.5,47,5.4840641,30.41546631,180.3051133,186.3190476,0.967722386
36:32.3,29,1778.5,47,5.4840641,30.41546631,180.3051133,186.3190476,0.967722386
36:33.3,30,1389.75,46,-,-,#VALUE!,145.5928571,#VALUE!
36:34.3,31,1389.75,46,-,-,#VALUE!,145.5928571,#VALUE!
36:35.3,32,1390,46,-,-,#VALUE!,145.6190476,#VALUE!
36:36.3,33,1390,46,-,-,#VALUE!,145.6190476,#VALUE!
36:37.3,34,1320,44,-,-,#VALUE!,138.2857143,#VALUE!
36:38.3,35,1320,44,-,-,#VALUE!,138.2857143,#VALUE!
36:39.3,36,1312.5,44,-,-,#VALUE!,137.5,#VALUE!
36:40.3,37,1310,44,-,-,#VALUE!,137.2380952,#VALUE!
36:41.3,38,1310,45,2.59397507,18.90847588,137.1858359,137.2380952,0.999619207
36:42.3,39,1286.25,43,2.59397507,18.90847588,137.1858359,134.75,1.018076705
36:43.3,40,1286.25,43,2.59397507,18.90847588,137.1858359,134.75,1.018076705
36:44.3,41,1283.75,43,-,-,#VALUE!,134.4880952,#VALUE!
36:45.3,42,1283.75,43,-,-,#VALUE!,134.4880952,#VALUE!
36:46.3,43,1227.75,42,-,-,#VALUE!,128.6214286,#VALUE!
36:47.3,44,1227.75,42,-,-,#VALUE!,128.6214286,#VALUE!
36:48.3,45,1228,42,-,-,#VALUE!,128.647619,#VALUE!
36:49.3,46,1228,42,-,-,#VALUE!,128.647619,#VALUE!
36:50.3,47,1217.25,42,-,-,#VALUE!,127.5214286,#VALUE!
36:51.3,48,1217.25,42,-,-,#VALUE!,127.5214286,#VALUE!
36:52.3,49,1259.25,44,4.69441223,35.59846878,131.8711841,131.9214286,0.999619133
36:53.3,50,1259.25,44,4.69441223,35.59846878,131.8711841,131.9214286,0.999619133
36:54.3,51,1306.5,44,4.69441223,35.59846878,131.8711841,136.8714286,0.96346758
36:55.3,52,1306.5,44,4.69441223,35.59846878,131.8711841,136.8714286,0.96346758
36:56.3,53,1325,45,2.51220107,18.10508347,138.7566688,138.8095238,0.999619226
36:57.3,54,1325,45,2.51220107,18.10508347,138.7566688,138.8095238,0.999619226
36:58.3,55,1342.25,45,2.51220107,18.10508347,138.7566688,140.6166667,0.986772564
36:59.3,56,1342.25,45,2.51220107,18.10508347,138.7566688,140.6166667,0.986772564
37:00.3,57,1365.5,45,-,-,#VALUE!,143.052381,#VALUE!
37:01.3,58,1365.5,45,-,-,#VALUE!,143.052381,#VALUE!
37:02.3,59,1370.25,47,5.35282898,37.30315399,143.4953458,143.55,0.999619267
37:03.3,60,1370.25,47,5.35282898,37.30315399,143.4953458,143.55,0.999619267
37:04.3,61,1259.75,42,5.35282898,37.30315399,143.4953458,131.9738095,1.087301687
37:05.3,62,1259.75,42,5.35282898,37.30315399,143.4953458,131.9738095,1.087301687
37:06.3,63,1259,42,-,-,#VALUE!,131.8952381,#VALUE!
37:07.3,64,1259,42,-,-,#VALUE!,131.8952381,#VALUE!
37:08.3,65,1278.5,43,2.37720537,17.75529861,133.887096,133.9380952,0.999619233
37:09.3,66,1278.5,43,2.37720537,17.75529861,133.887096,133.9380952,0.999619233
37:10.3,67,1343,46,7.40189695,52.62947845,140.641655,140.6952381,0.999619155
37:11.3,68,1343,46,7.40189695,52.62947845,140.641655,140.6952381,0.999619155
37:12.3,69,1397.25,46,7.40189695,52.62947845,140.641655,146.3785714,0.960807676
37:13.3,70,1397.25,46,7.40189695,52.62947845,140.641655,146.3785714,0.960807676
37:14.3,71,1461.75,50,10.75407124,70.25251007,153.0773951,153.1357143,0.999619167
37:15.3,72,1461.75,50,10.75407124,70.25251007,153.0773951,153.1357143,0.999619167
37:16.3,73,1518.75,52,5.82705593,36.63742447,159.0465491,159.1071429,0.999619164
37:17.3,74,1518.75,52,5.82705593,36.63742447,159.0465491,159.1071429,0.999619164
37:18.3,75,1577.5,52,5.82705593,36.63742447,159.0465491,165.2619048,0.962390875
37:19.3,76,1577.5,52,5.82705593,36.63742447,159.0465491,165.2619048,0.962390875
37:20.3,77,1625.25,54,5.96456099,35.04454041,170.1994354,170.2642857,0.999619119
37:21.3,78,1625.25,54,5.96456099,35.04454041,170.1994354,170.2642857,0.999619119
37:22.3,79,1670.25,57,9.68145466,55.35045242,174.9119336,174.9785714,0.999619166
37:23.3,80,1703.25,57,9.68145466,55.35045242,174.9119336,178.4357143,0.98025182
37:24.3,81,1703.25,58,3.20483422,17.96756363,178.3677679,178.4357143,0.999619211
37:25.3,82,1729,58,3.20483422,17.96756363,178.3677679,181.1333333,0.98473188
37:26.3,83,1729,58,3.20483422,17.96756363,178.3677679,181.1333333,0.98473188
37:27.3,84,1749,61,10.65686798,58.18375778,183.1588125,183.2285714,0.999619279
37:28.3,85,1749,61,10.65686798,58.18375778,183.1588125,183.2285714,0.999619279
37:29.3,86,1767,62,3.3404243,18.05207634,185.0437721,185.1142857,0.999619081
37:30.3,87,1767,62,3.3404243,18.05207634,185.0437721,185.1142857,0.999619081
37:31.3,88,1770,62,3.3404243,18.05207634,185.0437721,185.4285714,0.997924811
37:32.3,89,1770,62,3.3404243,18.05207634,185.0437721,185.4285714,0.997924811
37:33.3,90,1764.5,60,-,-,#VALUE!,184.852381,#VALUE!
37:34.3,91,1764.5,60,-,-,#VALUE!,184.852381,#VALUE!
37:35.3,92,1757.75,61,3.37748909,18.34842873,184.0751129,184.1452381,0.999619185
37:36.3,93,1757.75,61,3.37748909,18.34842873,184.0751129,184.1452381,0.999619185
37:37.3,94,1752.5,58,3.37748909,18.34842873,184.0751129,183.5952381,1.002613765
37:38.3,95,1752.5,58,3.37748909,18.34842873,184.0751129,183.5952381,1.002613765
37:39.3,96,1733.75,59,3.16770935,17.44700432,181.5617909,181.6309524,0.99961922
37:40.3,97,1733.75,59,3.16770935,17.44700432,181.5617909,181.6309524,0.99961922
37:41.3,98,1734.25,58,3.16770935,17.44700432,181.5617909,181.6833333,0.99933102
37:42.3,99,1734.25,58,3.16770935,17.44700432,181.5617909,181.6833333,0.99933102
37:43.3,100,1709.25,58,-,-,#VALUE!,179.0642857,#VALUE!
37:44.3,101,1709.25,58,-,-,#VALUE!,179.0642857,#VALUE!
37:45.3,102,1698.75,57,-,-,#VALUE!,177.9642857,#VALUE!
37:46.3,103,1698.75,57,-,-,#VALUE!,177.9642857,#VALUE!
37:47.3,104,1686.25,55,-,-,#VALUE!,176.6547619,#VALUE!
37:48.3,105,1686.25,55,-,-,#VALUE!,176.6547619,#VALUE!
37:49.3,106,1685,56,3.26288033,18.4911232,176.4565784,176.5238095,0.999619138
37:50.3,107,1675.5,56,3.26288033,18.4911232,176.4565784,175.5285714,1.005286928
37:51.3,108,1675.5,55,3.26288033,18.4911232,176.4565784,175.5285714,1.005286928
37:52.3,109,1670.75,55,3.26288033,18.4911232,176.4565784,175.0309524,1.008144994
37:53.3,110,1670.75,57,6.40062857,36.5824852,174.9642906,175.0309524,0.999619143
37:54.3,111,1660.75,56,6.40062857,36.5824852,174.9642906,173.9833333,1.005638225
37:55.3,112,1660.75,56,6.40062857,36.5824852,174.9642906,173.9833333,1.005638225
37:56.3,113,1649.5,55,-,-,#VALUE!,172.8047619,#VALUE!
37:57.3,114,1649.5,55,-,-,#VALUE!,172.8047619,#VALUE!
37:58.3,115,1636.25,56,3.18053603,18.56148338,171.3513928,171.4166667,0.999619209
37:59.3,116,1636.25,56,3.18053603,18.56148338,171.3513928,171.4166667,0.999619209
38:00.3,117,1620.5,55,3.18053603,18.56148338,171.3513928,169.7666667,1.009334731
38:01.3,118,1620.5,55,3.18053603,18.56148338,171.3513928,169.7666667,1.009334731
38:02.3,119,1605.75,55,-,-,#VALUE!,168.2214286,#VALUE!
38:03.3,120,1605.75,55,-,-,#VALUE!,168.2214286,#VALUE!
38:04.3,121,1609.5,55,-,-,#VALUE!,168.6142857,#VALUE!
38:05.3,122,1609.5,55,-,-,#VALUE!,168.6142857,#VALUE!
38:06.3,123,1615,54,-,-,#VALUE!,169.1904762,#VALUE!
38:07.3,124,1593.25,53,-,-,#VALUE!,166.9119048,#VALUE!
38:08.3,125,1578.75,53,-,-,#VALUE!,165.3928571,#VALUE!
38:09.3,126,1578.75,53,-,-,#VALUE!,165.3928571,#VALUE!
38:10.3,127,1579.75,53,-,-,#VALUE!,165.497619,#VALUE!
38:11.3,128,1579.75,53,-,-,#VALUE!,165.497619,#VALUE!
38:12.3,129,1577.25,53,-,-,#VALUE!,165.2357143,#VALUE!
38:13.3,130,1577.25,53,-,-,#VALUE!,165.2357143,#VALUE!
38:14.3,131,1570,53,-,-,#VALUE!,164.4761905,#VALUE!
38:15.3,132,1570,53,-,-,#VALUE!,164.4761905,#VALUE!
38:16.3,133,1570.5,52,-,-,#VALUE!,164.5285714,#VALUE!
38:17.3,134,1570.5,52,-,-,#VALUE!,164.5285714,#VALUE!
38:18.3,135,1560,53,2.87849474,17.61987686,163.3663369,163.4285714,0.999619195
38:19.3,136,1560,53,2.87849474,17.61987686,163.3663369,163.4285714,0.999619195
38:20.3,137,1567.5,52,2.87849474,17.61987686,163.3663369,164.2142857,0.994836328
38:21.3,138,1567.5,52,2.87849474,17.61987686,163.3663369,164.2142857,0.994836328
38:22.3,139,1554.5,52,-,-,#VALUE!,162.852381,#VALUE!
38:23.3,140,1554.5,52,-,-,#VALUE!,162.852381,#VALUE!
38:24.3,141,1567.5,53,2.94512653,17.94148636,164.1517582,164.2142857,0.999619232
38:25.3,142,1579.75,53,2.94512653,17.94148636,164.1517582,165.497619,0.991867793
38:26.3,143,1579.75,56,9.546628,57.70635986,165.4345903,165.497619,0.999619156
38:27.3,144,1625.75,56,9.546628,57.70635986,165.4345903,170.3166667,0.971335299
38:28.3,145,1625.75,56,9.546628,57.70635986,165.4345903,170.3166667,0.971335299
38:29.3,146,1625.75,56,9.546628,57.70635986,165.4345903,170.3166667,0.971335299
38:30.3,147,1648.25,54,-,-,#VALUE!,172.6738095,#VALUE!
38:31.3,148,1648.25,54,-,-,#VALUE!,172.6738095,#VALUE!
38:32.3,149,1678.75,58,12.19549274,69.37059021,175.8020611,175.8690476,0.999619111
38:33.3,150,1678.75,58,12.19549274,69.37059021,175.8020611,175.8690476,0.999619111
38:34.3,151,1711.25,60,5.76644039,32.17780304,179.2055344,179.2738095,0.999619157
38:35.3,152,1711.25,60,5.76644039,32.17780304,179.2055344,179.2738095,0.999619157
38:36.3,153,1751.5,60,5.76644039,32.17780304,179.2055344,183.4904762,0.976647607
38:37.3,154,1751.5,60,5.76644039,32.17780304,179.2055344,183.4904762,0.976647607
38:38.3,155,1787.75,61,3.22223997,17.21127892,187.2167655,187.2880952,0.999619144
38:39.3,156,1787.75,61,3.22223997,17.21127892,187.2167655,187.2880952,0.999619144
38:40.3,157,1831.75,63,7.16373968,37.34527206,191.8245412,191.897619,0.999619183
38:41.3,158,1831.75,63,7.16373968,37.34527206,191.8245412,191.897619,0.999619183
38:42.3,159,1865,62,7.16373968,37.34527206,191.8245412,195.3809524,0.981797554
38:43.3,160,1865,62,7.16373968,37.34527206,191.8245412,195.3809524,0.981797554
38:44.3,161,1891,62,-,-,#VALUE!,198.1047619,#VALUE!
38:45.3,162,1891,62,-,-,#VALUE!,198.1047619,#VALUE!
38:46.3,163,1919.25,64,7.32758617,36.45788193,200.9877092,201.0642857,0.999619144
38:47.3,164,1919.25,64,7.32758617,36.45788193,200.9877092,201.0642857,0.999619144
38:48.3,165,1945.5,66,7.49697781,36.79738998,203.736673,203.8142857,0.999619199
38:49.3,166,1945.5,66,7.49697781,36.79738998,203.736673,203.8142857,0.999619199
38:50.3,167,1976.5,69,11.83128452,57.16064453,206.9830496,207.0619048,0.999619171
38:51.3,168,1976.5,69,11.83128452,57.16064453,206.9830496,207.0619048,0.999619171
38:52.3,169,2004.25,69,11.83128452,57.16064453,206.9830496,209.9690476,0.985778866
38:53.3,170,2004.25,69,11.83128452,57.16064453,206.9830496,209.9690476,0.985778866
38:54.3,171,2039.25,70,4.10070467,19.20215797,213.5543659,213.6357143,0.999619219
38:55.3,172,2028.75,70,4.10070467,19.20215797,213.5543659,212.5357143,1.004792849
38:56.3,173,2028.75,70,4.10070467,19.20215797,213.5543659,212.5357143,1.004792849
38:57.3,174,2016.75,67,-,-,#VALUE!,211.2785714,#VALUE!
38:58.3,175,2016.75,67,-,-,#VALUE!,211.2785714,#VALUE!
38:59.3,176,2011.75,69,7.97613764,37.86000443,210.6745036,210.7547619,0.999619186
39:00.3,177,2011.75,69,7.97613764,37.86000443,210.6745036,210.7547619,0.999619186
39:01.3,178,2014,68,7.97613764,37.86000443,210.6745036,210.9904762,0.998502432
39:02.3,179,2014,68,7.97613764,37.86000443,210.6745036,210.9904762,0.998502432
39:03.3,180,2001.25,67,-,-,#VALUE!,209.6547619,#VALUE!
39:04.3,181,2001.25,67,-,-,#VALUE!,209.6547619,#VALUE!
39:05.3,182,1948.5,65,-,-,#VALUE!,204.1285714,#VALUE!
39:06.3,183,1904,65,-,-,#VALUE!,199.4666667,#VALUE!
39:07.3,184,1904,66,3.92167282,19.66828156,199.3907199,199.4666667,0.999619251
39:08.3,185,1849.5,63,3.92167282,19.66828156,199.3907199,193.7571429,1.029075455
39:09.3,186,1849.5,63,3.92167282,19.66828156,199.3907199,193.7571429,1.029075455
39:10.3,187,1788.5,59,-,-,#VALUE!,187.3666667,#VALUE!
39:11.3,188,1788.5,59,-,-,#VALUE!,187.3666667,#VALUE!
39:12.3,189,1757,58,-,-,#VALUE!,184.0666667,#VALUE!
39:13.3,190,1757,58,-,-,#VALUE!,184.0666667,#VALUE!
39:14.3,191,1730.75,59,3.11964345,17.21205139,181.2476258,181.3166667,0.999619225
39:15.3,192,1730.75,59,3.11964345,17.21205139,181.2476258,181.3166667,0.999619225
39:16.3,193,1689.75,56,3.11964345,17.21205139,181.2476258,177.0214286,1.02387393
39:17.3,194,1689.75,56,3.11964345,17.21205139,181.2476258,177.0214286,1.02387393
39:18.3,195,1427,47,-,-,#VALUE!,149.4952381,#VALUE!
39:19.3,196,1427,47,-,-,#VALUE!,149.4952381,#VALUE!
39:20.3,197,954.75,33,-,-,#VALUE!,100.0214286,#VALUE!
39:21.3,198,954.75,33,-,-,#VALUE!,100.0214286,#VALUE!
39:22.3,199,769,20,-,-,#VALUE!,80.56190476,#VALUE!
39:23.3,200,769,20,-,-,#VALUE!,80.56190476,#VALUE!
39:24.3,201,784.25,13,-,-,#VALUE!,82.15952381,#VALUE!
39:25.3,202,784.25,13,-,-,#VALUE!,82.15952381,#VALUE!
39:26.3,203,773.75,8,-,-,#VALUE!,81.05952381,#VALUE!
39:27.3,204,681.75,8,-,-,#VALUE!,71.42142857,#VALUE!
39:28.3,205,681.75,3,-,-,#VALUE!,71.42142857,#VALUE!
39:29.3,206,1665.25,4,0.23106885,1.32502472,174.3883314,174.4547619,0.999619211
39:30.3,207,1665.25,4,0.23106885,1.32502472,174.3883314,174.4547619,0.999619211
39:31.3,208,904.5,2,0.23106885,1.32502472,174.3883314,94.75714286,1.840371355
39:32.3,209,904.5,2,0.23106885,1.32502472,174.3883314,94.75714286,1.840371355
39:33.3,210,368.5,0,-,-,#VALUE!,38.6047619,#VALUE!
39:34.3,211,368.5,0,-,-,#VALUE!,38.6047619,#VALUE!
39:35.3,212,1099.25,6,2.09305096,18.18215561,115.1156664,115.1595238,0.99961916
39:36.3,213,1099.25,6,2.09305096,18.18215561,115.1156664,115.1595238,0.99961916
39:37.3,214,1558.75,10,2.36507273,14.48871994,163.2354507,163.297619,0.999619294
39:38.3,215,1558.75,10,2.36507273,14.48871994,163.2354507,163.297619,0.999619294
39:39.3,216,1803.75,12,1.2665329,6.7050519,188.8923336,188.9642857,0.999619229
39:40.3,217,1259.75,12,1.2665329,6.7050519,188.8923336,131.9738095,1.431286512
39:41.3,218,1259.75,12,1.2665329,6.7050519,188.8923336,131.9738095,1.431286512
39:42.3,219,1074.75,12,1.2665329,6.7050519,188.8923336,112.5928571,1.677658231
39:43.3,220,1074.75,15,2.43786955,21.66032982,112.5499736,112.5928571,0.999619128
39:44.3,221,1898,15,2.43786955,21.66032982,112.5499736,198.8380952,0.566038281
39:45.3,222,1898,21,6.89170122,34.67306519,198.7623875,198.8380952,0.999619249
39:46.3,223,1134.25,21,6.89170122,34.67306519,198.7623875,118.8261905,1.672715306
39:47.3,224,1134.25,23,2.56141114,21.56415939,118.7809408,118.8261905,0.999619194
39:48.3,225,1404.25,29,10.28806877,69.96025848,147.0558999,147.1119048,0.999619305
39:49.3,226,1404.25,29,10.28806877,69.96025848,147.0558999,147.1119048,0.999619305
39:50.3,227,1661.5,35,12.32220364,70.81904602,173.9956175,174.0619048,0.999619174
39:51.3,228,1661.5,35,12.32220364,70.81904602,173.9956175,174.0619048,0.999619174
39:52.3,229,1857.75,38,6.97328615,35.84365082,194.5473184,194.6214286,0.999619209
39:53.3,230,1857.75,38,6.97328615,35.84365082,194.5473184,194.6214286,0.999619209
39:54.3,231,1461.75,40,4.35363817,28.44076538,153.0773913,153.1357143,0.999619142
39:55.3,232,1461.75,40,4.35363817,28.44076538,153.0773913,153.1357143,0.999619142
39:56.3,233,1573,43,7.46794128,45.33506012,164.7277242,164.7904762,0.999619201
39:57.5,234,1573,43,7.46794128,45.33506012,164.7277242,164.7904762,0.999619201
39:58.3,235,1659.5,45,4.54097891,26.12969017,173.7861751,173.852381,0.999619183
39:59.3,236,1659.5,45,4.54097891,26.12969017,173.7861751,173.852381,0.999619183
40:00.3,237,1755,49,11.2861557,61.40884781,183.7871268,183.8571429,0.999619182
40:01.3,238,1825.75,49,11.2861557,61.40884781,183.7871268,191.2690476,0.960882741
40:02.3,239,1825.75,51,6.15903473,32.21316147,191.1962207,191.2690476,0.999619244
40:03.3,240,1917.25,51,6.15903473,32.21316147,191.1962207,200.8547619,0.951912809
40:04.3,241,1917.25,53,5.86610222,29.21681786,200.7782726,200.8547619,0.999619181
40:05.3,242,1512.25,53,5.86610222,29.21681786,200.7782726,158.4261905,1.267330054
40:06.3,243,1512.25,50,5.86610222,29.21681786,200.7782726,158.4261905,1.267330054
40:07.3,244,1415.25,49,-,-,#VALUE!,148.2642857,#VALUE!
40:08.3,245,1415.25,49,-,-,#VALUE!,148.2642857,#VALUE!
40:09.3,246,1335.75,44,-,-,#VALUE!,139.9357143,#VALUE!
40:10.3,247,1335.75,44,-,-,#VALUE!,139.9357143,#VALUE!
40:11.3,248,1400.75,48,10.61993313,72.39743042,146.6893655,146.7452381,0.999619254
40:12.3,249,1400.75,48,10.61993313,72.39743042,146.6893655,146.7452381,0.999619254
40:13.3,250,1490.25,51,7.98828888,51.18664169,156.0619845,156.1214286,0.999619244
40:14.3,251,1490.25,51,7.98828888,51.18664169,156.0619845,156.1214286,0.999619244
40:15.3,252,1601.25,55,12.04533291,71.83261871,167.6861171,167.75,0.999619178
40:16.3,253,1601.25,55,12.04533291,71.83261871,167.6861171,167.75,0.999619178
40:17.3,254,1713.5,58,9.66391182,53.85560608,179.4411487,179.5095238,0.9996191
40:18.3,255,1713.5,58,9.66391182,53.85560608,179.4411487,179.5095238,0.9996191
40:19.3,256,1813,62,14.42655659,75.98483276,189.8610034,189.9333333,0.999619182
40:20.3,257,1813,62,14.42655659,75.98483276,189.8610034,189.9333333,0.999619182
40:21.3,258,1876.5,63,3.49898648,17.80556488,196.5108382,196.5857143,0.999619118
40:22.3,259,1876.5,63,3.49898648,17.80556488,196.5108382,196.5857143,0.999619118
40:23.3,260,1884.25,63,3.49898648,17.80556488,196.5108382,197.397619,0.995507642
40:24.3,261,1884.25,63,3.49898648,17.80556488,196.5108382,197.397619,0.995507642
40:25.3,262,1955.5,67,14.54075909,71.00538635,204.7838881,204.8619048,0.999619174
40:26.3,263,1955.5,67,14.54075909,71.00538635,204.7838881,204.8619048,0.999619174
40:27.3,264,2003.25,67,14.54075909,71.00538635,204.7838881,209.8642857,0.975791986
40:28.3,265,2003.25,67,14.54075909,71.00538635,204.7838881,209.8642857,0.975791986
40:29.3,266,2003.5,67,-,-,#VALUE!,209.8904762,#VALUE!
40:30.3,267,2003.5,67,-,-,#VALUE!,209.8904762,#VALUE!
40:31.3,268,1963.5,66,-,-,#VALUE!,205.7,#VALUE!
40:32.3,269,1963.5,66,-,-,#VALUE!,205.7,#VALUE!
40:33.3,270,1951,64,-,-,#VALUE!,204.3904762,#VALUE!
40:34.3,271,1951,64,-,-,#VALUE!,204.3904762,#VALUE!
40:35.3,272,1907.25,64,-,-,#VALUE!,199.8071429,#VALUE!
40:36.3,273,1888.5,64,-,-,#VALUE!,197.8428571,#VALUE!
40:37.3,274,1888.5,63,-,-,#VALUE!,197.8428571,#VALUE!
40:38.3,275,1807.75,61,-,-,#VALUE!,189.3833333,#VALUE!
40:39.3,276,1807.75,61,-,-,#VALUE!,189.3833333,#VALUE!
40:40.3,277,1761.25,59,-,-,#VALUE!,184.5119048,#VALUE!
40:41.3,278,1761.25,59,-,-,#VALUE!,184.5119048,#VALUE!
40:42.3,279,1701.5,58,-,-,#VALUE!,178.252381,#VALUE!
40:43.3,280,1701.5,58,-,-,#VALUE!,178.252381,#VALUE!
40:44.3,281,1702.75,57,-,-,#VALUE!,178.3833333,#VALUE!
40:45.3,282,1702.75,57,-,-,#VALUE!,178.3833333,#VALUE!
40:46.3,283,1637.25,56,-,-,#VALUE!,171.5214286,#VALUE!
40:47.3,284,1637.25,56,-,-,#VALUE!,171.5214286,#VALUE!
40:48.3,285,1623.75,53,-,-,#VALUE!,170.1071429,#VALUE!
40:49.3,286,1623.75,53,-,-,#VALUE!,170.1071429,#VALUE!
40:50.3,287,1527,51,-,-,#VALUE!,159.9714286,#VALUE!
40:51.3,288,1527,51,-,-,#VALUE!,159.9714286,#VALUE!
40:52.3,289,1383.25,47,-,-,#VALUE!,144.9119048,#VALUE!
40:53.3,290,1321.25,47,-,-,#VALUE!,138.4166667,#VALUE!
40:54.3,291,1321.25,44,-,-,#VALUE!,138.4166667,#VALUE!
40:55.3,292,1158,39,-,-,#VALUE!,121.3142857,#VALUE!
40:56.3,293,1158,39,-,-,#VALUE!,121.3142857,#VALUE!
40:57.3,294,991.75,33,-,-,#VALUE!,103.897619,#VALUE!
40:58.3,295,991.75,33,-,-,#VALUE!,103.897619,#VALUE!
40:59.3,296,902.25,32,-,-,#VALUE!,94.52142857,#VALUE!
41:00.3,297,902.25,32,-,-,#VALUE!,94.52142857,#VALUE!
41:01.3,298,1181.25,32,-,-,#VALUE!,123.75,#VALUE!
41:02.3,299,1181.25,32,-,-,#VALUE!,123.75,#VALUE!
41:03.3,300,1306.25,34,4.11984062,30.11730576,136.7931333,136.8452381,0.999619243
41:04.3,301,1306.25,34,4.11984062,30.11730576,136.7931333,136.8452381,0.999619243
41:05.3,302,1352,37,6.29105377,44.43331909,141.5841512,141.6380952,0.999619142
41:06.3,303,1406,37,6.29105377,44.43331909,141.5841512,147.2952381,0.961226942
41:07.3,304,1406,38,2.19046783,14.87693977,147.2391408,147.2952381,0.999619151
41:08.3,305,1365.5,37,2.19046783,14.87693977,147.2391408,143.052381,1.029267321
41:09.3,306,1365.5,37,2.19046783,14.87693977,147.2391408,143.052381,1.029267321
41:10.3,307,1412.75,38,2.26666856,15.32091618,147.9460192,148.002381,0.999619184
41:11.3,308,1412.75,38,2.26666856,15.32091618,147.9460192,148.002381,0.999619184
41:12.3,309,1466.75,39,2.16160154,14.07283306,153.601022,153.6595238,0.999619276
41:13.3,310,1466.75,39,2.16160154,14.07283306,153.601022,153.6595238,0.999619276
41:14.3,311,1427,39,2.16160154,14.07283306,153.601022,149.4952381,1.027464312
41:15.3,312,1427,39,2.16160154,14.07283306,153.601022,149.4952381,1.027464312
41:16.3,313,1503.25,41,4.8537097,30.83220673,157.4233639,157.4833333,0.999619201
41:17.3,314,1503.25,41,4.8537097,30.83220673,157.4233639,157.4833333,0.999619201
41:18.3,315,1498.75,40,4.8537097,30.83220673,157.4233639,157.0119048,1.00262056
41:19.3,316,1458.75,40,4.8537097,30.83220673,157.4233639,152.8214286,1.030113155
41:20.3,317,1458.75,39,-,-,#VALUE!,152.8214286,#VALUE!
41:21.3,318,1412.5,38,-,-,#VALUE!,147.9761905,#VALUE!
41:22.3,319,1412.5,38,-,-,#VALUE!,147.9761905,#VALUE!
41:23.3,320,1430.5,39,2.2115283,14.76272964,149.8048365,149.8619048,0.999619194
41:24.3,321,1430.5,39,2.2115283,14.76272964,149.8048365,149.8619048,0.999619194
41:25.3,322,1425.75,39,2.2115283,14.76272964,149.8048365,149.3642857,1.002949506
41:26.3,323,1425.75,39,2.2115283,14.76272964,149.8048365,149.3642857,1.002949506
41:27.3,324,1464.75,39,-,-,#VALUE!,153.45,#VALUE!
41:28.3,325,1464.75,39,-,-,#VALUE!,153.45,#VALUE!
41:29.3,326,1609.5,43,9.55773544,56.70561218,168.5500795,168.6142857,0.999619212
41:30.3,327,1609.5,43,9.55773544,56.70561218,168.5500795,168.6142857,0.999619212
41:31.3,328,1695,47,10.54446983,59.40419388,177.5037946,177.5714286,0.999619117
41:32.3,329,1695,47,10.54446983,59.40419388,177.5037946,177.5714286,0.999619117
41:33.3,330,1630,44,10.54446983,59.40419388,177.5037946,170.7619048,1.039481229
41:34.3,331,1630,44,10.54446983,59.40419388,177.5037946,170.7619048,1.039481229
41:35.3,332,1587,43,-,-,#VALUE!,166.2571429,#VALUE!
41:36.3,333,1587,43,-,-,#VALUE!,166.2571429,#VALUE!
41:37.3,334,1544.75,42,-,-,#VALUE!,161.8309524,#VALUE!
41:38.3,335,1529.75,42,-,-,#VALUE!,160.2595238,#VALUE!
41:39.3,336,1529.75,42,-,-,#VALUE!,160.2595238,#VALUE!
41:40.3,337,1643,42,-,-,#VALUE!,172.1238095,#VALUE!
41:41.3,338,1643,45,7.25900698,42.1892395,172.0582562,172.1238095,0.99961915
41:42.3,339,1761.75,48,8.50960064,46.12399673,184.4939997,184.5642857,0.999619179
41:43.3,340,1761.75,48,8.50960064,46.12399673,184.4939997,184.5642857,0.999619179
41:44.3,341,1813.25,48,8.50960064,46.12399673,184.4939997,189.9595238,0.971227954
41:45.3,342,1813.25,48,8.50960064,46.12399673,184.4939997,189.9595238,0.971227954
41:46.3,343,1737.5,48,-,-,#VALUE!,182.0238095,#VALUE!
41:47.3,344,1737.5,48,-,-,#VALUE!,182.0238095,#VALUE!
41:48.3,345,1690,45,-,-,#VALUE!,177.047619,#VALUE!
41:49.3,346,1690,45,-,-,#VALUE!,177.047619,#VALUE!
41:50.3,347,1683.5,45,-,-,#VALUE!,176.3666667,#VALUE!
41:51.3,348,1683.5,45,-,-,#VALUE!,176.3666667,#VALUE!
41:52.3,349,1689,46,2.50334191,14.15313244,176.875467,176.9428571,0.999619142
41:53.3,350,1689,46,2.50334191,14.15313244,176.875467,176.9428571,0.999619142
41:54.3,351,1669.25,44,2.50334191,14.15313244,176.875467,174.8738095,1.011446297
41:55.3,352,1669.25,44,2.50334191,14.15313244,176.875467,174.8738095,1.011446297
41:56.3,353,1626.75,44,-,-,#VALUE!,170.4214286,#VALUE!
41:57.3,354,1626.75,44,-,-,#VALUE!,170.4214286,#VALUE!
41:58.3,355,1652.25,44,-,-,#VALUE!,173.0928571,#VALUE!
41:59.3,356,1652.25,44,-,-,#VALUE!,173.0928571,#VALUE!
42:00.3,357,1660.5,45,2.5692966,14.77533817,173.8908829,173.9571429,0.999619102
42:01.3,358,1505.5,45,2.5692966,14.77533817,173.8908829,157.7190476,1.102535715
42:02.3,359,1505.5,40,2.5692966,14.77533817,173.8908829,157.7190476,1.102535715
42:03.3,360,1287.75,34,-,-,#VALUE!,134.9071429,#VALUE!
42:04.3,361,1287.75,34,-,-,#VALUE!,134.9071429,#VALUE!
42:05.3,362,1191.25,32,-,-,#VALUE!,124.797619,#VALUE!
42:06.3,363,1191.25,32,-,-,#VALUE!,124.797619,#VALUE!
42:07.3,364,1047.25,27,-,-,#VALUE!,109.7119048,#VALUE!
42:08.3,365,1047.25,27,-,-,#VALUE!,109.7119048,#VALUE!
42:09.3,366,758.25,13,-,-,#VALUE!,79.43571429,#VALUE!
42:10.3,367,758.25,13,-,-,#VALUE!,79.43571429,#VALUE!
42:11.3,368,786.25,5,-,-,#VALUE!,82.36904762,#VALUE!
42:12.3,369,786.25,5,-,-,#VALUE!,82.36904762,#VALUE!
42:13.3,370,817.75,3,-,-,#VALUE!,85.66904762,#VALUE!
42:14.3,371,817.75,3,-,-,#VALUE!,85.66904762,#VALUE!
42:15.3,372,784.25,0,-,-,#VALUE!,82.15952381,#VALUE!
42:16.3,373,1474.5,0,-,-,#VALUE!,154.4714286,#VALUE!
42:17.3,374,1474.5,2,0.2387286,1.54604363,154.4125892,154.4714286,0.999619093
42:18.3,375,1242.75,2,0.2387286,1.54604363,154.4125892,130.1928571,1.186029654
42:19.3,376,1242.75,9,3.47045112,26.66638947,130.1432698,130.1928571,0.999619124
42:20.3,377,756.75,0,3.47045112,26.66638947,130.1432698,79.27857143,1.641594538
42:21.3,378,756.75,0,3.47045112,26.66638947,130.1432698,79.27857143,1.641594538
42:22.3,379,689.75,0,-,-,#VALUE!,72.25952381,#VALUE!
42:23.3,380,689.75,0,-,-,#VALUE!,72.25952381,#VALUE!
42:24.3,381,678.75,0,-,-,#VALUE!,71.10714286,#VALUE!
42:25.3,382,678.75,0,-,-,#VALUE!,71.10714286,#VALUE!
42:26.3,383,662.75,0,-,-,#VALUE!,69.43095238,#VALUE!
42:27.3,384,662.75,0,-,-,#VALUE!,69.43095238,#VALUE!
42:28.3,385,687.5,0,-,-,#VALUE!,72.02380952,#VALUE!
42:29.3,386,687.5,0,-,-,#VALUE!,72.02380952,#VALUE!
42:30.3,387,926.25,0,-,-,#VALUE!,97.03571429,#VALUE!
42:31.3,388,926.25,0,-,-,#VALUE!,97.03571429,#VALUE!
42:32.3,389,921.75,5,1.45900452,15.11490726,96.52752047,96.56428571,0.999619267
42:33.3,390,921.75,5,1.45900452,15.11490726,96.52752047,96.56428571,0.999619267
42:34.3,391,1372.75,9,2.04570675,14.23029709,143.7571357,143.8119048,0.999619162
42:35.3,392,1682.75,11,1.34343934,7.62360764,176.2209447,176.2880952,0.999619086
42:36.3,393,1682.75,11,1.34343934,7.62360764,176.2209447,176.2880952,0.999619086
42:37.3,394,1358.25,9,1.34343934,7.62360764,176.2209447,142.2928571,1.238438444
42:38.3,395,1358.25,9,1.34343934,7.62360764,176.2209447,142.2928571,1.238438444
42:39.3,396,1320.5,9,-,-,#VALUE!,138.3380952,#VALUE!
42:40.3,397,1320.5,9,-,-,#VALUE!,138.3380952,#VALUE!
42:41.3,398,846.5,5,-,-,#VALUE!,88.68095238,#VALUE!
42:42.3,399,846.5,5,-,-,#VALUE!,88.68095238,#VALUE!
42:43.3,400,985,6,0.34239203,3.31932211,103.1511913,103.1904762,0.999619297
42:44.3,401,985,6,0.34239203,3.31932211,103.1511913,103.1904762,0.999619297
42:45.3,402,971,6,0.34239203,3.31932211,103.1511913,101.7238095,1.014031934
42:46.3,403,971,6,0.34239203,3.31932211,103.1511913,101.7238095,1.014031934
42:47.3,404,1029.75,7,0.38857803,3.60336685,107.8374882,107.8785714,0.999619171
42:48.3,405,1029.75,7,0.38857803,3.60336685,107.8374882,107.8785714,0.999619171
42:49.3,406,1026.5,7,0.38857803,3.60336685,107.8374882,107.5380952,1.002784064
42:50.3,407,782.75,7,0.38857803,3.60336685,107.8374882,82.00238095,1.315053135
42:51.3,408,782.75,5,-,-,#VALUE!,82.00238095,#VALUE!
42:52.3,409,833.25,5,-,-,#VALUE!,87.29285714,#VALUE!
42:53.3,410,833.25,5,-,-,#VALUE!,87.29285714,#VALUE!
42:54.3,411,1437.25,10,2.87605691,19.10852623,150.5117075,150.5690476,0.999619177
42:55.3,412,1437.25,10,2.87605691,19.10852623,150.5117075,150.5690476,0.999619177
42:56.3,413,2113.5,15,4.27990055,19.33719635,221.3299422,221.4142857,0.999619069
42:57.3,414,2113.5,15,4.27990055,19.33719635,221.3299422,221.4142857,0.999619069
42:58.3,415,950.5,13,4.27990055,19.33719635,221.3299422,99.57619048,2.222719519
42:59.3,416,950.5,13,4.27990055,19.33719635,221.3299422,99.57619048,2.222719519
43:00.3,417,969,13,-,-,#VALUE!,101.5142857,#VALUE!
43:01.3,418,969,13,-,-,#VALUE!,101.5142857,#VALUE!
43:02.3,419,814.75,11,-,-,#VALUE!,85.3547619,#VALUE!
43:03.3,420,814.75,11,-,-,#VALUE!,85.3547619,#VALUE!
43:04.3,421,825.75,11,-,-,#VALUE!,86.50714286,#VALUE!
43:05.3,422,908,11,-,-,#VALUE!,95.12380952,#VALUE!
43:06.3,423,908,12,0.70032191,7.36501932,95.08758627,95.12380952,0.999619199
43:07.3,424,802,10,0.70032191,7.36501932,95.08758627,84.01904762,1.131738445
43:08.3,425,802,10,0.70032191,7.36501932,95.08758627,84.01904762,1.131738445
43:09.3,426,776.5,11,0.63543969,7.8143878,81.3166311,81.34761905,0.999619068
43:10.3,427,776.5,11,0.63543969,7.8143878,81.3166311,81.34761905,0.999619068
43:11.3,428,788.5,10,0.63543969,7.8143878,81.3166311,82.6047619,0.984406095
43:12.3,429,788.5,10,0.63543969,7.8143878,81.3166311,82.6047619,0.984406095
43:13.3,430,721.75,9,-,-,#VALUE!,75.61190476,#VALUE!
43:14.3,431,721.75,9,-,-,#VALUE!,75.61190476,#VALUE!
43:15.3,432,712.25,10,0.58677208,7.86681652,74.58825034,74.61666667,0.999619169
43:16.3,433,712.25,10,0.58677208,7.86681652,74.58825034,74.61666667,0.999619169
43:17.3,434,703.25,9,0.58677208,7.86681652,74.58825034,73.67380952,1.01241202
43:18.3,435,703.25,9,0.58677208,7.86681652,74.58825034,73.67380952,1.01241202
43:19.3,436,802.5,11,1.22628713,14.59180927,84.03941604,84.07142857,0.999619222
43:20.3,437,802.5,11,1.22628713,14.59180927,84.03941604,84.07142857,0.999619222
43:21.3,438,755.5,11,1.22628713,14.59180927,84.03941604,79.14761905,1.061805991
43:22.3,439,755.5,11,1.22628713,14.59180927,84.03941604,79.14761905,1.061805991
43:23.3,440,995,14,2.26286101,21.71685028,104.1983981,104.2380952,0.999619168
43:24.3,441,995,14,2.26286101,21.71685028,104.1983981,104.2380952,0.999619168
43:25.3,442,1595.25,22,10.02232361,59.99316025,167.0577707,167.1214286,0.999619092
43:26.3,443,1595.25,22,10.02232361,59.99316025,167.0577707,167.1214286,0.999619092
43:27.3,444,1318,25,4.15906,30.13296127,138.0236069,138.0761905,0.99961917
43:28.3,445,1326.5,27,3.23714542,23.30327606,138.9137481,138.9666667,0.999619199
43:29.3,446,1326.5,27,3.23714542,23.30327606,138.9137481,138.9666667,0.999619199
43:30.3,447,1399,28,1.57782459,10.76968575,146.5060937,146.5619048,0.999619198
43:31.3,448,1399,28,1.57782459,10.76968575,146.5060937,146.5619048,0.999619198
43:32.3,449,1364.75,27,1.57782459,10.76968575,146.5060937,142.9738095,1.024705813
43:33.3,450,1364.75,27,1.57782459,10.76968575,146.5060937,142.9738095,1.024705813
43:34.3,451,1233.25,25,-,-,#VALUE!,129.197619,#VALUE!
43:35.3,452,1233.25,25,-,-,#VALUE!,129.197619,#VALUE!
43:36.3,453,1083.5,22,-,-,#VALUE!,113.5095238,#VALUE!
43:37.3,454,1083.5,22,-,-,#VALUE!,113.5095238,#VALUE!
43:38.3,455,1060,21,-,-,#VALUE!,111.047619,#VALUE!
43:39.3,456,1060,21,-,-,#VALUE!,111.047619,#VALUE!
43:40.3,457,1218.75,25,5.52838755,43.31575394,127.6299509,127.6785714,0.999619196
43:41.3,458,1218.75,25,5.52838755,43.31575394,127.6299509,127.6785714,0.999619196
43:42.3,459,1440.25,31,10.48126984,69.49251556,150.8258804,150.8833333,0.999619223
43:43.3,460,1675.75,31,10.48126984,69.49251556,150.8258804,175.5547619,0.859138646
43:44.3,461,1675.75,34,6.43604708,36.67515945,175.48791,175.5547619,0.999619196
43:45.3,462,1909.5,39,11.15130806,55.76582718,199.9666933,200.0428571,0.999619262
43:46.3,463,1909.5,39,11.15130806,55.76582718,199.9666933,200.0428571,0.999619262
43:47.3,464,1471.5,40,2.2599299,14.66549397,154.0984507,154.1571429,0.999619271
43:48.3,465,1471.5,40,2.2599299,14.66549397,154.0984507,154.1571429,0.999619271
43:49.3,466,1594.25,43,7.52033329,45.04459763,166.9530573,167.0166667,0.999619144
43:50.3,467,1594.25,43,7.52033329,45.04459763,166.9530573,167.0166667,0.999619144
43:51.3,468,1706.75,48,13.76841831,77.03289032,178.7342816,178.802381,0.999619136
43:52.3,469,1706.75,48,13.76841831,77.03289032,178.7342816,178.802381,0.999619136
43:53.3,470,1827.75,49,2.78150702,14.53199959,191.4056633,191.4785714,0.999619236
43:54.3,471,1827.75,49,2.78150702,14.53199959,191.4056633,191.4785714,0.999619236
43:55.3,472,1795.5,48,2.78150702,14.53199959,191.4056633,188.1,1.017573967
43:56.3,473,1795.5,48,2.78150702,14.53199959,191.4056633,188.1,1.017573967
43:57.3,474,1756.25,48,-,-,#VALUE!,183.9880952,#VALUE!
43:58.3,475,1756.25,48,-,-,#VALUE!,183.9880952,#VALUE!
43:59.3,476,1739.75,47,-,-,#VALUE!,182.2595238,#VALUE!
44:00.3,477,1739.75,47,-,-,#VALUE!,182.2595238,#VALUE!
44:01.3,478,1671.75,46,-,-,#VALUE!,175.1357143,#VALUE!
44:02.3,479,1671.75,46,-,-,#VALUE!,175.1357143,#VALUE!
44:03.3,480,1601.5,42,-,-,#VALUE!,167.7761905,#VALUE!
44:04.3,481,1576,42,-,-,#VALUE!,165.1047619,#VALUE!
44:05.3,482,1576,43,2.45380831,14.86779213,165.0418763,165.1047619,0.999619117
44:06.3,483,1634.25,43,2.45380831,14.86779213,165.0418763,171.2071429,0.963989432
44:07.3,484,1634.25,44,2.4188807,14.13376904,171.1419433,171.2071429,0.999619177
44:08.3,485,1650.5,44,2.4188807,14.13376904,171.1419433,172.9095238,0.989777426
44:09.3,486,1650.5,44,2.4188807,14.13376904,171.1419433,172.9095238,0.989777426
44:10.3,487,1658.75,45,2.5005703,14.39528084,173.7076426,173.7738095,0.999619236
44:11.3,488,1658.75,45,2.5005703,14.39528084,173.7076426,173.7738095,0.999619236
44:12.3,489,1450.5,39,2.5005703,14.39528084,173.7076426,151.9571429,1.143135751
44:13.3,490,1450.5,39,2.5005703,14.39528084,173.7076426,151.9571429,1.143135751
44:14.3,491,1322.75,36,-,-,#VALUE!,138.5738095,#VALUE!
44:15.3,492,1322.75,36,-,-,#VALUE!,138.5738095,#VALUE!
44:16.3,493,1261,35,-,-,#VALUE!,132.1047619,#VALUE!
44:17.3,494,1261,35,-,-,#VALUE!,132.1047619,#VALUE!
44:18.3,495,1305.25,36,2.07407331,15.17373276,136.6884038,136.7404762,0.999619188
44:19.3,496,1305.25,36,2.07407331,15.17373276,136.6884038,136.7404762,0.999619188
44:20.3,497,1432.5,38,4.33239412,28.879879,150.0142753,150.0714286,0.99961916
44:21.3,498,1432.5,38,4.33239412,28.879879,150.0142753,150.0714286,0.99961916
44:22.3,499,1574,44,15.10515022,91.63941956,164.8324519,164.8952381,0.999619236
44:23.3,500,1574,44,15.10515022,91.63941956,164.8324519,164.8952381,0.999619236
44:24.3,501,1726.75,48,10.45399761,57.81159592,180.8287324,180.897619,0.999619196
44:25.3,502,1888.25,48,10.45399761,57.81159592,180.8287324,197.8166667,0.914122836
44:26.3,503,1888.25,52,11.99632931,60.66677475,197.7413396,197.8166667,0.999619208
44:27.3,504,2065.75,55,9.02028656,41.69697952,216.3294959,216.4119048,0.999619204
44:28.3,505,2065.75,55,9.02028656,41.69697952,216.3294959,216.4119048,0.999619204
44:29.3,506,1559.5,56,3.17053437,19.41373634,163.3139708,163.3761905,0.999619163
44:30.3,507,1559.5,56,3.17053437,19.41373634,163.3139708,163.3761905,0.999619163
44:31.3,508,1742.75,61,16.16658974,88.58197021,182.5042918,182.5738095,0.999619235
44:32.3,509,1742.75,61,16.16658974,88.58197021,182.5042918,182.5738095,0.999619235
44:33.3,510,1818.75,63,7.16751099,37.6320076,190.4631575,190.5357143,0.999619196
44:34.3,511,1818.75,63,7.16751099,37.6320076,190.4631575,190.5357143,0.999619196
44:35.3,512,1863.25,63,7.16751099,37.6320076,190.4631575,195.197619,0.97574529
44:36.3,513,1863.25,63,7.16751099,37.6320076,190.4631575,195.197619,0.97574529
44:37.3,514,1875.25,63,-,-,#VALUE!,196.4547619,#VALUE!
44:38.3,515,1875.25,63,-,-,#VALUE!,196.4547619,#VALUE!
44:39.3,516,1862.25,63,-,-,#VALUE!,195.0928571,#VALUE!
44:40.3,517,1862.25,63,-,-,#VALUE!,195.0928571,#VALUE!
44:41.3,518,1827.75,64,3.58403349,18.72480583,191.4056425,191.4785714,0.999619127
44:42.3,519,1827.75,64,3.58403349,18.72480583,191.4056425,191.4785714,0.999619127
44:43.3,520,1838.5,63,3.58403349,18.72480583,191.4056425,192.6047619,0.993774196
44:44.3,521,1838.5,63,3.58403349,18.72480583,191.4056425,192.6047619,0.993774196
44:45.3,522,1847.25,62,-,-,#VALUE!,193.5214286,#VALUE!
44:46.3,523,1847.25,62,-,-,#VALUE!,193.5214286,#VALUE!
44:47.3,524,1829.5,61,-,-,#VALUE!,191.6619048,#VALUE!
44:48.3,525,1829.5,61,-,-,#VALUE!,191.6619048,#VALUE!
44:49.3,526,1809,63,6.9729023,36.80755997,189.4421229,189.5142857,0.999619222
44:50.3,527,1809,63,6.9729023,36.80755997,189.4421229,189.5142857,0.999619222
44:51.3,528,1795.25,61,6.9729023,36.80755997,189.4421229,188.0738095,1.007275406
44:52.3,529,1790.5,61,6.9729023,36.80755997,189.4421229,187.5761905,1.009947597
44:53.3,530,1790.5,60,-,-,#VALUE!,187.5761905,#VALUE!
44:54.3,531,1762.5,60,-,-,#VALUE!,184.6428571,#VALUE!
44:55.3,532,1762.5,59,-,-,#VALUE!,184.6428571,#VALUE!
44:56.3,533,1747.75,59,-,-,#VALUE!,183.097619,#VALUE!
44:57.3,534,1747.75,59,-,-,#VALUE!,183.097619,#VALUE!
44:58.3,535,1707,57,-,-,#VALUE!,178.8285714,#VALUE!
44:59.3,536,1707,57,-,-,#VALUE!,178.8285714,#VALUE!
45:00.3,537,1691.75,57,-,-,#VALUE!,177.2309524,#VALUE!
45:01.3,538,1691.75,57,-,-,#VALUE!,177.2309524,#VALUE!
45:02.3,539,1692.5,58,3.2064743,18.09094048,177.2419905,177.3095238,0.999619122
45:03.3,540,1692.5,58,3.2064743,18.09094048,177.2419905,177.3095238,0.999619122
45:04.3,541,1709.25,57,3.2064743,18.09094048,177.2419905,179.0642857,0.989823234
45:05.3,542,1709.25,57,3.2064743,18.09094048,177.2419905,179.0642857,0.989823234
45:06.3,543,1638.5,57,-,-,#VALUE!,171.652381,#VALUE!
45:07.3,544,1638.5,57,-,-,#VALUE!,171.652381,#VALUE!
45:08.3,545,1622.75,55,-,-,#VALUE!,170.002381,#VALUE!
45:09.3,546,1622.75,55,-,-,#VALUE!,170.002381,#VALUE!
45:10.3,547,1607.25,55,-,-,#VALUE!,168.3785714,#VALUE!
45:11.3,548,1607.25,55,-,-,#VALUE!,168.3785714,#VALUE!
45:12.3,549,1609.75,54,-,-,#VALUE!,168.6404762,#VALUE!
45:13.3,550,1609.75,54,-,-,#VALUE!,168.6404762,#VALUE!
45:14.3,551,1605.5,54,-,-,#VALUE!,168.1952381,#VALUE!
45:15.3,552,1605.5,54,-,-,#VALUE!,168.1952381,#VALUE!
45:16.3,553,1573.75,54,-,-,#VALUE!,164.8690476,#VALUE!
45:17.3,554,1573.75,54,-,-,#VALUE!,164.8690476,#VALUE!
45:18.3,555,1476.25,51,-,-,#VALUE!,154.6547619,#VALUE!
45:19.3,556,1476.25,51,-,-,#VALUE!,154.6547619,#VALUE!
45:20.3,557,1455.75,50,-,-,#VALUE!,152.5071429,#VALUE!
45:21.3,558,1455.75,50,-,-,#VALUE!,152.5071429,#VALUE!
45:22.3,559,1422.25,47,-,-,#VALUE!,148.997619,#VALUE!
45:23.3,560,1384.5,47,-,-,#VALUE!,145.0428571,#VALUE!
45:24.3,561,1384.5,47,-,-,#VALUE!,145.0428571,#VALUE!
45:25.3,562,1342.5,47,-,-,#VALUE!,140.6428571,#VALUE!
45:26.3,563,1342.5,45,-,-,#VALUE!,140.6428571,#VALUE!
45:27.3,564,1342.5,45,-,-,#VALUE!,140.6428571,#VALUE!
45:28.3,565,1326.25,44,-,-,#VALUE!,138.9404762,#VALUE!
45:29.3,566,1326.25,44,-,-,#VALUE!,138.9404762,#VALUE!
45:30.3,567,1345.25,45,2.58844972,18.37379074,140.8772831,140.9309524,0.99961918
45:31.3,568,1345.25,45,2.58844972,18.37379074,140.8772831,140.9309524,0.99961918
45:32.3,569,1349,45,2.58844972,18.37379074,140.8772831,141.3238095,0.996840402
45:33.3,570,1351.5,45,2.58844972,18.37379074,140.8772831,141.5857143,0.99499645
45:34.3,571,1351.5,46,2.67157722,18.87616348,141.5317908,141.5857143,0.999619146
45:35.3,572,1352,46,2.67157722,18.87616348,141.5317908,141.6380952,0.999249464
45:36.3,573,1352,45,2.67157722,18.87616348,141.5317908,141.6380952,0.999249464
45:37.3,574,1284.75,43,-,-,#VALUE!,134.5928571,#VALUE!
45:38.3,575,1284.75,43,-,-,#VALUE!,134.5928571,#VALUE!
45:39.3,576,1260,44,2.38012028,18.03808212,131.9497419,132,0.999619257
45:40.3,577,1260,44,2.38012028,18.03808212,131.9497419,132,0.999619257
45:41.3,578,1292.25,44,2.38012028,18.03808212,131.9497419,135.3785714,0.974672288
45:42.3,579,1292.25,44,2.38012028,18.03808212,131.9497419,135.3785714,0.974672288
45:43.3,580,1348.25,46,5.18428135,36.71809387,141.1914619,141.2452381,0.99961927
45:44.3,581,1348.25,46,5.18428135,36.71809387,141.1914619,141.2452381,0.99961927
45:45.3,582,1397.25,46,5.18428135,36.71809387,141.1914619,146.3785714,0.964563737
45:46.3,583,1397.25,46,5.18428135,36.71809387,141.1914619,146.3785714,0.964563737
45:47.3,584,1459,50,11.22333908,73.45626068,152.7894148,152.847619,0.999619201
45:48.3,585,1459,50,11.22333908,73.45626068,152.7894148,152.847619,0.999619201
45:49.3,586,1519.75,52,6.0694561,38.1363945,159.1512826,159.2119048,0.999619236
45:50.3,587,1519.75,52,6.0694561,38.1363945,159.1512826,159.2119048,0.999619236
45:51.3,588,1585.25,54,6.18922091,37.28208923,166.0105707,166.0738095,0.999619213
45:52.3,589,1585.25,54,6.18922091,37.28208923,166.0105707,166.0738095,0.999619213
45:53.3,590,1586.25,53,6.18922091,37.28208923,166.0105707,166.1785714,0.998989035
45:54.3,591,1586.25,53,6.18922091,37.28208923,166.0105707,166.1785714,0.998989035
45:55.3,592,1591.25,52,-,-,#VALUE!,166.702381,#VALUE!
45:56.3,593,1618,52,-,-,#VALUE!,169.5047619,#VALUE!
45:57.3,594,1618,55,9.22571659,54.44820404,169.4402369,169.5047619,0.999619332
45:58.3,595,1653.5,56,3.28057504,18.94557381,173.1578612,173.2238095,0.999619288
45:59.3,596,1653.5,56,3.28057504,18.94557381,173.1578612,173.2238095,0.999619288
46:00.3,597,1704.75,58,6.51970863,36.51989365,178.5248526,178.5928571,0.99961922
46:01.3,598,1704.75,58,6.51970863,36.51989365,178.5248526,178.5928571,0.99961922
46:02.3,599,1745.75,59,3.31087375,18.11017227,182.818457,182.8880952,0.99961923
46:03.3,600,1745.75,59,3.31087375,18.11017227,182.818457,182.8880952,0.99961923
46:04.3,601,1736.25,58,3.31087375,18.11017227,182.818457,181.8928571,1.005088709
46:05.3,602,1736.25,58,3.31087375,18.11017227,182.818457,181.8928571,1.005088709
46:06.3,603,1745.25,59,3.12576365,17.10253716,182.7660786,182.8357143,0.999619135
46:07.3,604,1745.25,59,3.12576365,17.10253716,182.7660786,182.8357143,0.999619135
46:08.3,605,1776.75,61,6.8927865,37.04507828,186.0648383,186.1357143,0.999619224
46:09.3,606,1776.75,61,6.8927865,37.04507828,186.0648383,186.1357143,0.999619224
46:10.3,607,1844.5,62,3.45947886,17.9099369,193.1597459,193.2333333,0.999619178
46:11.3,608,1844.5,62,3.45947886,17.9099369,193.1597459,193.2333333,0.999619178
46:12.3,609,1878.25,63,3.5280087,17.93652344,196.6941203,196.7690476,0.999619212
46:13.3,610,1878.25,63,3.5280087,17.93652344,196.6941203,196.7690476,0.999619212
46:14.3,611,1825.25,61,3.5280087,17.93652344,196.6941203,191.2166667,1.028645273
46:15.3,612,1778,61,3.5280087,17.93652344,196.6941203,186.2666667,1.055981319
46:16.3,613,1778,59,-,-,#VALUE!,186.2666667,#VALUE!
46:17.3,614,1787,59,-,-,#VALUE!,187.2095238,#VALUE!
46:18.3,615,1787,62,10.30390167,55.06037903,187.1382263,187.2095238,0.999619157
46:19.3,616,1796.5,62,10.30390167,55.06037903,187.1382263,188.2047619,0.99433311
46:20.3,617,1796.5,61,10.30390167,55.06037903,187.1382263,188.2047619,0.99433311
46:21.3,618,1787.75,61,-,-,#VALUE!,187.2880952,#VALUE!
46:22.3,619,1787.75,61,-,-,#VALUE!,187.2880952,#VALUE!
46:23.3,620,1793.5,60,-,-,#VALUE!,187.8904762,#VALUE!
46:24.3,621,1793.5,60,-,-,#VALUE!,187.8904762,#VALUE!
46:25.3,622,1809.5,62,6.86222172,36.21330643,189.4944814,189.5666667,0.999619209
46:26.3,623,1809.5,62,6.86222172,36.21330643,189.4944814,189.5666667,0.999619209
46:27.3,624,1815.75,61,6.86222172,36.21330643,189.4944814,190.2214286,0.996178416
46:28.3,625,1815.75,61,6.86222172,36.21330643,189.4944814,190.2214286,0.996178416
46:29.3,626,1831.75,62,3.39460301,17.69639587,191.8245407,191.897619,0.999619181
46:30.3,627,1831.75,62,3.39460301,17.69639587,191.8245407,191.897619,0.999619181
46:31.3,628,1837.75,61,3.39460301,17.69639587,191.8245407,192.5261905,0.996355562
46:32.3,629,1837.75,61,3.39460301,17.69639587,191.8245407,192.5261905,0.996355562
46:33.3,630,1831.25,62,3.45947886,18.03952408,191.7721801,191.8452381,0.999619182
46:34.3,631,1831.25,62,3.45947886,18.03952408,191.7721801,191.8452381,0.999619182
46:35.3,632,1809,61,3.45947886,18.03952408,191.7721801,189.5142857,1.011914112
46:36.3,633,1809,61,3.45947886,18.03952408,191.7721801,189.5142857,1.011914112
46:37.3,634,1821.75,62,3.52502656,18.47717857,190.7773174,190.85,0.999619164
46:38.3,635,1821.75,62,3.52502656,18.47717857,190.7773174,190.85,0.999619164
46:39.3,636,1892.75,65,10.79693985,54.47151566,198.2125836,198.2880952,0.999619182
46:40.3,637,1892.75,65,10.79693985,54.47151566,198.2125836,198.2880952,0.999619182
46:41.3,638,1970.75,68,11.1410532,53.98296738,206.3808964,206.4595238,0.999619163
46:42.3,639,1970.75,68,11.1410532,53.98296738,206.3808964,206.4595238,0.999619163
46:43.3,640,1944,68,11.1410532,53.98296738,206.3808964,203.6571429,1.013374211
46:44.3,641,1944,68,11.1410532,53.98296738,206.3808964,203.6571429,1.013374211
46:45.3,642,1884.25,64,-,-,#VALUE!,197.397619,#VALUE!
46:46.3,643,1884.25,64,-,-,#VALUE!,197.397619,#VALUE!
46:47.3,644,1774.75,58,-,-,#VALUE!,185.9261905,#VALUE!
46:48.3,645,1549.25,58,-,-,#VALUE!,162.302381,#VALUE!
46:49.3,646,1549.25,51,-,-,#VALUE!,162.302381,#VALUE!
46:50.3,647,1534.5,53,6.14964104,38.26880264,160.6959355,160.7571429,0.999619256
46:51.3,648,1534.5,53,6.14964104,38.26880264,160.6959355,160.7571429,0.999619256
46:52.3,649,1637,57,13.13579655,76.6248703,171.4299352,171.4952381,0.999619215
46:53.3,650,1637,57,13.13579655,76.6248703,171.4299352,171.4952381,0.999619215
46:54.3,651,1728.5,59,6.82748175,37.71839523,181.0119892,181.0809524,0.999619158
46:55.3,652,1728.5,59,6.82748175,37.71839523,181.0119892,181.0809524,0.999619158
46:56.3,653,1830.25,63,14.17085171,73.93457794,191.6674458,191.7404762,0.999619119
46:57.3,654,1830.25,63,14.17085171,73.93457794,191.6674458,191.7404762,0.999619119
46:58.3,655,1908,64,3.39901733,17.01128197,199.8095932,199.8857143,0.999619177
46:59.3,656,1908,64,3.39901733,17.01128197,199.8095932,199.8857143,0.999619177
47:00.3,657,1985.25,66,7.17266178,34.50064087,207.8993781,207.9785714,0.999619223
47:01.3,658,1985.25,66,7.17266178,34.50064087,207.8993781,207.9785714,0.999619223
47:02.3,659,2071.75,69,11.9386692,55.02760696,216.9578119,217.0404762,0.99961913
47:03.3,660,2071.75,69,11.9386692,55.02760696,216.9578119,217.0404762,0.99961913
47:04.3,661,2053,69,11.9386692,55.02760696,216.9578119,215.0761905,1.008748627
47:05.3,662,2053,69,11.9386692,55.02760696,216.9578119,215.0761905,1.008748627
47:06.3,663,2073.5,71,7.94381142,36.58364105,217.1410825,217.2238095,0.999619162
47:07.3,664,2073.5,71,7.94381142,36.58364105,217.1410825,217.2238095,0.999619162
47:08.3,665,2068,70,7.94381142,36.58364105,217.1410825,216.647619,1.002277724
47:09.3,666,2068,70,7.94381142,36.58364105,217.1410825,216.647619,1.002277724
47:10.3,667,2062.25,69,-,-,#VALUE!,216.0452381,#VALUE!
47:11.3,668,2038,69,-,-,#VALUE!,213.5047619,#VALUE!
47:12.3,669,2038,68,-,-,#VALUE!,213.5047619,#VALUE!
47:13.3,670,2020.5,67,-,-,#VALUE!,211.6714286,#VALUE!
47:14.3,671,2020.5,67,-,-,#VALUE!,211.6714286,#VALUE!
47:15.3,672,1984,68,3.92395854,18.88620758,207.7684746,207.847619,0.999619219
47:16.3,673,1984,68,3.92395854,18.88620758,207.7684746,207.847619,0.999619219
47:17.3,674,1939,66,3.92395854,18.88620758,207.7684746,203.1333333,1.022818221
47:18.3,675,1939,66,3.92395854,18.88620758,207.7684746,203.1333333,1.022818221
47:19.3,676,1912.5,64,-,-,#VALUE!,200.3571429,#VALUE!
47:20.3,677,1912.5,64,-,-,#VALUE!,200.3571429,#VALUE!
47:21.3,678,1917,65,3.56427741,17.75462151,200.752092,200.8285714,0.99961918
47:22.3,679,1917,65,3.56427741,17.75462151,200.752092,200.8285714,0.99961918
47:23.3,680,1931.75,67,7.14476919,35.31826401,202.2967264,202.3738095,0.999619105
47:24.3,681,1931.75,67,7.14476919,35.31826401,202.2967264,202.3738095,0.999619105
47:25.3,682,1909.25,64,7.14476919,35.31826401,202.2967264,200.0166667,1.011399349
47:26.3,683,1909.25,64,7.14476919,35.31826401,202.2967264,200.0166667,1.011399349
47:27.3,684,1904,66,7.52070189,37.71841812,199.3907026,199.4666667,0.999619164
47:28.3,685,1904,66,7.52070189,37.71841812,199.3907026,199.4666667,0.999619164
47:29.3,686,1888.75,63,7.52070189,37.71841812,199.3907026,197.8690476,1.007690212
47:30.3,687,1856.75,63,7.52070189,37.71841812,199.3907026,194.5166667,1.025057164
47:31.3,688,1856.75,62,-,-,#VALUE!,194.5166667,#VALUE!
47:32.3,689,1846.25,62,-,-,#VALUE!,193.4166667,#VALUE!
47:33.3,690,1846.25,62,-,-,#VALUE!,193.4166667,#VALUE!
47:34.3,691,1835.75,62,-,-,#VALUE!,192.3166667,#VALUE!
47:35.3,692,1835.75,62,-,-,#VALUE!,192.3166667,#VALUE!
47:36.3,693,1821.75,61,-,-,#VALUE!,190.85,#VALUE!
47:37.3,694,1821.75,61,-,-,#VALUE!,190.85,#VALUE!
47:38.3,695,1821.25,62,3.4452424,18.06393051,190.7249587,190.797619,0.999619176
47:39.3,696,1821.25,62,3.4452424,18.06393051,190.7249587,190.797619,0.999619176
47:40.3,697,1801.25,60,3.4452424,18.06393051,190.7249587,188.702381,1.010718348
47:41.3,698,1801.25,60,3.4452424,18.06393051,190.7249587,188.702381,1.010718348
47:42.3,699,1827.75,63,10.80245209,56.4374733,191.4056647,191.4785714,0.999619243
47:43.3,700,1827.75,63,10.80245209,56.4374733,191.4056647,191.4785714,0.999619243
47:44.3,701,1846,64,3.57107449,18.47265244,193.3168234,193.3904762,0.99961915
47:45.3,702,1846,64,3.57107449,18.47265244,193.3168234,193.3904762,0.99961915
47:46.3,703,1848.25,62,3.57107449,18.47265244,193.3168234,193.6261905,0.998402246
47:47.3,704,1848.25,62,3.57107449,18.47265244,193.3168234,193.6261905,0.998402246
47:48.3,705,1847.25,62,-,-,#VALUE!,193.5214286,#VALUE!
47:49.3,706,1847.25,62,-,-,#VALUE!,193.5214286,#VALUE!
47:50.3,707,1857,63,3.33114481,17.12945747,194.4687866,194.5428571,0.999619259
47:51.3,708,1857,63,3.33114481,17.12945747,194.4687866,194.5428571,0.999619259
47:52.3,709,1821.25,62,3.33114481,17.12945747,194.4687866,190.797619,1.01924116
47:53.3,710,1821.25,62,3.33114481,17.12945747,194.4687866,190.797619,1.01924116
47:54.3,711,1813.5,61,-,-,#VALUE!,189.9857143,#VALUE!
47:55.3,712,1845,61,-,-,#VALUE!,193.2857143,#VALUE!
47:56.3,713,1845,62,3.44879055,17.84976387,193.2121105,193.2857143,0.999619197
47:57.3,714,1859.25,62,3.44879055,17.84976387,193.2121105,194.7785714,0.991957735
47:58.3,715,1859.25,63,3.48643923,17.90632057,194.7043904,194.7785714,0.999619152
47:59.3,716,1878.25,63,3.48643923,17.90632057,194.7043904,196.7690476,0.989507205
48:00.3,717,1878.25,63,3.48643923,17.90632057,194.7043904,196.7690476,0.989507205
48:01.3,718,1885.75,63,-,-,#VALUE!,197.5547619,#VALUE!
48:02.3,719,1885.75,63,-,-,#VALUE!,197.5547619,#VALUE!
48:03.3,720,1876.75,62,-,-,#VALUE!,196.6119048,#VALUE!
48:04.3,721,1876.75,62,-,-,#VALUE!,196.6119048,#VALUE!
48:05.3,722,1848.25,62,-,-,#VALUE!,193.6261905,#VALUE!
48:06.3,723,1848.25,62,-,-,#VALUE!,193.6261905,#VALUE!
48:07.3,724,1779.25,59,-,-,#VALUE!,186.397619,#VALUE!
48:08.3,725,1780.5,59,-,-,#VALUE!,186.5285714,#VALUE!
48:09.3,726,1780.5,60,3.52830744,18.92284775,186.4575294,186.5285714,0.999619136
48:10.3,727,1808,60,3.52830744,18.92284775,186.4575294,189.4095238,0.984414752
48:11.3,728,1808,62,6.96208668,36.77079773,189.3373848,189.4095238,0.999619137
48:12.3,729,1870.75,63,3.5280087,18.0084343,195.908686,195.9833333,0.999619114
48:13.3,730,1870.75,63,3.5280087,18.0084343,195.908686,195.9833333,0.999619114
48:14.3,731,1919.75,66,11.47473335,57.07683945,201.0400972,201.1166667,0.999619278
48:15.3,732,1919.75,66,11.47473335,57.07683945,201.0400972,201.1166667,0.999619278
48:16.3,733,1950.5,67,3.64986157,17.86868095,204.2602686,204.3380952,0.999619128
48:17.3,734,1950.5,67,3.64986157,17.86868095,204.2602686,204.3380952,0.999619128
48:18.3,735,1935.25,67,3.64986157,17.86868095,204.2602686,202.7404762,1.007496246
48:19.3,736,1935.25,67,3.64986157,17.86868095,204.2602686,202.7404762,1.007496246
48:20.3,737,1934.25,67,-,-,#VALUE!,202.6357143,#VALUE!
48:21.3,738,1934.25,67,-,-,#VALUE!,202.6357143,#VALUE!
48:22.3,739,1962.5,66,-,-,#VALUE!,205.5952381,#VALUE!
48:23.3,740,1962.5,66,-,-,#VALUE!,205.5952381,#VALUE!
48:24.3,741,1956,67,3.70972657,18.11069489,204.8362359,204.9142857,0.99961911
48:25.3,742,1956,67,3.70972657,18.11069489,204.8362359,204.9142857,0.99961911
48:26.3,743,1955,66,3.70972657,18.11069489,204.8362359,204.8095238,1.000130424
48:27.3,744,1955,66,3.70972657,18.11069489,204.8362359,204.8095238,1.000130424
48:28.3,745,1973.5,68,7.53789186,36.47327805,206.6688892,206.747619,0.999619198
48:29.3,746,1973.5,68,7.53789186,36.47327805,206.6688892,206.747619,0.999619198
48:30.3,747,1989.25,67,7.53789186,36.47327805,206.6688892,208.397619,0.991704656
48:31.3,748,1989.25,67,7.53789186,36.47327805,206.6688892,208.397619,0.991704656
48:32.3,749,1950.75,66,-,-,#VALUE!,204.3642857,#VALUE!
48:33.3,750,1950.75,66,-,-,#VALUE!,204.3642857,#VALUE!
48:34.3,751,1927.25,67,3.77355361,18.69710922,201.8255103,201.902381,0.999619268
48:35.3,752,1927.25,67,3.77355361,18.69710922,201.8255103,201.902381,0.999619268
48:36.3,753,1901.75,64,3.77355361,18.69710922,201.8255103,199.2309524,1.013022866
48:37.3,754,1883.25,64,3.77355361,18.69710922,201.8255103,197.2928571,1.022974239
48:38.3,755,1883.25,63,-,-,#VALUE!,197.2928571,#VALUE!
48:39.3,756,1878.25,62,-,-,#VALUE!,196.7690476,#VALUE!
48:40.3,757,1878.25,62,-,-,#VALUE!,196.7690476,#VALUE!
48:41.3,758,1897,64,7.00818729,35.27770996,198.6576594,198.7333333,0.999619219
48:42.3,759,1897,64,7.00818729,35.27770996,198.6576594,198.7333333,0.999619219
48:43.3,760,1866.25,64,7.00818729,35.27770996,198.6576594,195.5119048,1.016089837
48:44.3,761,1866.25,64,7.00818729,35.27770996,198.6576594,195.5119048,1.016089837
48:45.3,762,1828.25,62,-,-,#VALUE!,191.5309524,#VALUE!
48:46.3,763,1828.25,62,-,-,#VALUE!,191.5309524,#VALUE!
48:47.3,764,1661.75,54,-,-,#VALUE!,174.0880952,#VALUE!
48:48.3,765,1661.75,54,-,-,#VALUE!,174.0880952,#VALUE!
48:49.3,766,1494,52,-,-,#VALUE!,156.5142857,#VALUE!
48:50.3,767,1494,52,-,-,#VALUE!,156.5142857,#VALUE!
48:51.3,768,1518,52,-,-,#VALUE!,159.0285714,#VALUE!
48:52.3,769,1518,52,-,-,#VALUE!,159.0285714,#VALUE!
48:53.3,770,1533.75,52,-,-,#VALUE!,160.6785714,#VALUE!
48:54.3,771,1533.75,52,-,-,#VALUE!,160.6785714,#VALUE!
48:55.3,772,1534,51,-,-,#VALUE!,160.7047619,#VALUE!
48:56.3,773,1534,51,-,-,#VALUE!,160.7047619,#VALUE!
48:57.3,774,1469,50,-,-,#VALUE!,153.8952381,#VALUE!
48:58.3,775,1469,50,-,-,#VALUE!,153.8952381,#VALUE!
48:59.3,776,1369.25,47,-,-,#VALUE!,143.4452381,#VALUE!
49:00.3,777,1369.25,47,-,-,#VALUE!,143.4452381,#VALUE!
49:01.3,778,1372,47,-,-,#VALUE!,143.7333333,#VALUE!
49:02.3,779,1372,47,-,-,#VALUE!,143.7333333,#VALUE!
49:03.3,780,1441.25,49,5.48234844,36.32363892,150.9305951,150.9880952,0.999619175
49:04.3,781,1441.25,49,5.48234844,36.32363892,150.9305951,150.9880952,0.999619175
49:05.3,782,1521.75,53,11.11171532,69.72681427,159.3607199,159.4214286,0.999619194
49:06.3,783,1521.75,53,11.11171532,69.72681427,159.3607199,159.4214286,0.999619194
49:07.3,784,1546.25,52,11.11171532,69.72681427,159.3607199,161.9880952,0.983780442
49:08.3,785,1546.25,52,11.11171532,69.72681427,159.3607199,161.9880952,0.983780442
49:09.3,786,1553.5,53,3.09644461,19.0333004,162.6856375,162.747619,0.999619156
49:10.3,787,1539.75,53,3.09644461,19.0333004,162.6856375,161.3071429,1.008545776
49:11.3,788,1539.75,52,3.09644461,19.0333004,162.6856375,161.3071429,1.008545776
49:12.3,789,1562,52,3.09644461,19.0333004,162.6856375,163.6380952,0.994179487
49:13.3,790,1562,54,6.07639694,37.14728928,163.5757833,163.6380952,0.999619209
49:14.3,791,1608.25,54,6.07639694,37.14728928,163.5757833,168.4833333,0.970872193
49:15.3,792,1608.25,55,2.85779452,16.96834373,168.419179,168.4833333,0.999619224
49:16.3,793,1637.75,56,2.85779452,18.54448318,154.104835,171.5738095,0.898183909
49:17.3,794,1637.75,56,3.18053603,18.54448318,171.508475,171.5738095,0.999619205
49:18.3,795,1682.5,56,3.18053603,18.54448318,171.508475,176.2619048,0.973032007
49:19.3,796,1682.5,56,3.18053603,18.54448318,171.508475,176.2619048,0.973032007
49:20.3,797,1693,57,3.13833046,17.70124245,177.2943605,177.3619048,0.999619173
49:21.3,798,1693,57,3.13833046,17.70124245,177.2943605,177.3619048,0.999619173
49:22.3,799,1738,60,10.59066296,58.18826294,182.0068589,182.0761905,0.999619216
49:23.3,800,1738,60,10.59066296,58.18826294,182.0068589,182.0761905,0.999619216
49:24.3,801,1702.5,57,10.59066296,58.18826294,182.0068589,178.3571429,1.020462965
49:25.3,802,1702.5,57,10.59066296,58.18826294,182.0068589,178.3571429,1.020462965
49:26.3,803,1703.75,58,3.11094928,17.43608856,178.4201353,178.4880952,0.999619247
49:27.3,804,1703.75,58,3.11094928,17.43608856,178.4201353,178.4880952,0.999619247
49:28.3,805,1709,58,3.11094928,17.43608856,178.4201353,179.0380952,0.996548444
49:29.3,806,1709,58,3.11094928,17.43608856,178.4201353,179.0380952,0.996548444
49:30.3,807,1710.5,57,-,-,#VALUE!,179.1952381,#VALUE!
49:31.3,808,1710.5,57,-,-,#VALUE!,179.1952381,#VALUE!
49:32.3,809,1730,59,6.86055231,37.86823273,181.1690648,181.2380952,0.999619117
49:33.3,810,1730,59,6.86055231,37.86823273,181.1690648,181.2380952,0.999619117
49:34.3,811,1706.25,59,6.86055231,37.86823273,181.1690648,178.75,1.01353323
49:35.3,812,1706.25,59,6.86055231,37.86823273,181.1690648,178.75,1.01353323
49:36.3,813,1717.25,57,-,-,#VALUE!,179.902381,#VALUE!
49:37.3,814,1717.25,57,-,-,#VALUE!,179.902381,#VALUE!
49:38.3,815,1707.5,58,3.34514165,18.70750427,178.812823,178.8809524,0.999619136
49:39.3,816,1707.5,58,3.34514165,18.70750427,178.812823,178.8809524,0.999619136
49:40.3,817,1709.75,58,3.34514165,18.70750427,178.812823,179.1166667,0.998303655
49:41.3,818,1709.75,58,3.34514165,18.70750427,178.812823,179.1166667,0.998303655
49:42.3,819,1687,58,-,-,#VALUE!,176.7333333,#VALUE!
49:43.3,820,1687,58,-,-,#VALUE!,176.7333333,#VALUE!
49:44.3,821,1656.5,57,-,-,#VALUE!,173.5380952,#VALUE!
49:45.3,822,1656.5,57,-,-,#VALUE!,173.5380952,#VALUE!
49:46.3,823,1635,56,-,-,#VALUE!,171.2857143,#VALUE!
49:47.3,824,1626,56,-,-,#VALUE!,170.3428571,#VALUE!
49:48.3,825,1626,56,-,-,#VALUE!,170.3428571,#VALUE!
49:49.3,826,1630,55,-,-,#VALUE!,170.7619048,#VALUE!
49:50.3,827,1630,55,-,-,#VALUE!,170.7619048,#VALUE!
49:51.3,828,1678.5,57,6.48489141,36.89295197,175.7758884,175.8428571,0.999619156
49:52.3,829,1678.5,57,6.48489141,36.89295197,175.7758884,175.8428571,0.999619156
49:53.3,830,1734,59,6.74796581,37.16086578,181.58796,181.6571429,0.999619157
49:54.3,831,1734,59,6.74796581,37.16086578,181.58796,181.6571429,0.999619157
49:55.3,832,1779.75,60,3.35829091,18.01861382,186.3789825,186.45,0.999619107
49:56.3,833,1779.75,60,3.35829091,18.01861382,186.3789825,186.45,0.999619107
49:57.3,834,1800,63,10.34801483,54.89674377,188.4996107,188.5714286,0.999619148
49:58.3,835,1800,63,10.34801483,54.89674377,188.4996107,188.5714286,0.999619148
49:59.7,836,1824.75,60,10.34801483,54.89674377,188.4996107,191.1642857,0.986060812
50:00.3,837,1824.75,60,10.34801483,54.89674377,188.4996107,191.1642857,0.986060812
50:01.3,838,1801.25,61,3.42844987,18.17547798,188.6305204,188.702381,0.999619186
50:02.3,839,1801.25,61,3.42844987,18.17547798,188.6305204,188.702381,0.999619186
50:03.3,840,1773.75,60,3.42844987,18.17547798,188.6305204,185.8214286,1.015117158
50:04.3,841,1773.75,60,3.42844987,18.17547798,188.6305204,185.8214286,1.015117158
50:05.3,842,1767.5,60,-,-,#VALUE!,185.1666667,#VALUE!
50:06.3,843,1767.5,60,-,-,#VALUE!,185.1666667,#VALUE!
50:07.3,844,1781.5,60,-,-,#VALUE!,186.6333333,#VALUE!
50:08.3,845,1781.5,60,-,-,#VALUE!,186.6333333,#VALUE!
50:09.3,846,1788.5,61,3.49760151,18.67426109,187.2953095,187.3666667,0.999619157
50:10.3,847,1788.5,61,3.49760151,18.67426109,187.2953095,187.3666667,0.999619157
50:11.3,848,1811.25,61,3.49760151,18.67426109,187.2953095,189.75,0.987063555
50:12.3,849,1811.25,61,3.49760151,18.67426109,187.2953095,189.75,0.987063555
50:13.3,850,1840,64,10.70214462,55.54117203,192.6884909,192.7619048,0.999619147
50:14.3,851,1840,64,10.70214462,55.54117203,192.6884909,192.7619048,0.999619147
50:15.3,852,1870.25,64,10.70214462,55.54117203,192.6884909,195.9309524,0.983450999
50:16.3,853,1870.25,64,10.70214462,55.54117203,192.6884909,195.9309524,0.983450999
50:17.3,854,1907.25,64,-,-,#VALUE!,199.8071429,#VALUE!
50:18.3,855,1907.25,64,-,-,#VALUE!,199.8071429,#VALUE!
50:19.3,856,1888.5,65,3.64570379,18.43428993,197.7675193,197.8428571,0.999619204
50:20.3,857,1888.5,65,3.64570379,18.43428993,197.7675193,197.8428571,0.999619204
50:21.3,858,1903,64,3.64570379,18.43428993,197.7675193,199.3619048,0.992002557
50:22.3,859,1898.25,64,3.64570379,18.43428993,197.7675193,198.8642857,0.99448485
50:23.3,860,1898.25,65,3.7629292,18.92930412,198.7885649,198.8642857,0.999619234
50:24.3,861,1911.25,64,3.7629292,18.92930412,198.7885649,200.2261905,0.992819992
50:25.3,862,1911.25,64,3.7629292,18.92930412,198.7885649,200.2261905,0.992819992
50:26.3,863,1925,65,3.64192224,18.06599808,201.589872,201.6666667,0.9996192
50:27.3,864,1925,65,3.64192224,18.06599808,201.589872,201.6666667,0.9996192
50:28.3,865,1920,65,3.64192224,18.06599808,201.589872,201.1428571,1.002222375
50:29.3,866,1920,65,3.64192224,18.06599808,201.589872,201.1428571,1.002222375
50:30.3,867,1876.75,62,-,-,#VALUE!,196.6119048,#VALUE!
50:31.3,868,1876.75,62,-,-,#VALUE!,196.6119048,#VALUE!
50:32.3,869,1800.5,61,-,-,#VALUE!,188.6238095,#VALUE!
50:33.3,870,1800.5,61,-,-,#VALUE!,188.6238095,#VALUE!
50:34.3,871,1722.75,58,-,-,#VALUE!,180.4785714,#VALUE!
50:35.3,872,1722.75,58,-,-,#VALUE!,180.4785714,#VALUE!
50:36.3,873,1658.75,57,-,-,#VALUE!,173.7738095,#VALUE!
50:37.3,874,1658.75,57,-,-,#VALUE!,173.7738095,#VALUE!
50:38.3,875,1590.75,54,-,-,#VALUE!,166.65,#VALUE!
50:39.3,876,1590.75,54,-,-,#VALUE!,166.65,#VALUE!
50:40.3,877,1477.75,49,-,-,#VALUE!,154.8119048,#VALUE!
50:41.3,878,1477.75,49,-,-,#VALUE!,154.8119048,#VALUE!
50:42.3,879,1287.25,42,-,-,#VALUE!,134.8547619,#VALUE!
50:43.3,880,1287.25,42,-,-,#VALUE!,134.8547619,#VALUE!
50:44.3,881,1051.75,34,-,-,#VALUE!,110.1833333,#VALUE!
50:45.3,882,1051.75,34,-,-,#VALUE!,110.1833333,#VALUE!
50:46.3,883,732.5,26,-,-,#VALUE!,76.73809524,#VALUE!
50:47.3,884,720.5,26,-,-,#VALUE!,75.48095238,#VALUE!
50:48.3,885,720.5,20,-,-,#VALUE!,75.48095238,#VALUE!
50:49.3,886,720.5,20,-,-,#VALUE!,75.48095238,#VALUE!
50:50.3,887,779.25,13,-,-,#VALUE!,81.63571429,#VALUE!
50:51.3,888,779.25,13,-,-,#VALUE!,81.63571429,#VALUE!
50:52.3,889,776.75,10,-,-,#VALUE!,81.37380952,#VALUE!
50:53.3,890,776.75,10,-,-,#VALUE!,81.37380952,#VALUE!
50:54.3,891,733.75,6,-,-,#VALUE!,76.86904762,#VALUE!
50:55.3,892,733.75,6,-,-,#VALUE!,76.86904762,#VALUE!
50:56.3,893,1013.25,5,-,-,#VALUE!,106.15,#VALUE!
50:57.3,894,1013.25,5,-,-,#VALUE!,106.15,#VALUE!
50:58.3,895,1451,10,2.72239661,17.91620445,151.9516378,152.0095238,0.999619195
50:59.3,896,1451,10,2.72239661,17.91620445,151.9516378,152.0095238,0.999619195
51:00.3,897,2348.75,18,7.67417526,31.20016861,245.9658265,246.0595238,0.999619209
51:01.3,898,2348.75,18,7.67417526,31.20016861,245.9658265,246.0595238,0.999619209
51:02.3,899,1510.5,21,3.48645282,22.04068375,158.1826072,158.2428571,0.999619256
51:03.3,900,2186.5,21,3.48645282,22.04068375,158.1826072,229.0619048,0.690567065
51:04.3,901,2186.5,31,18.13083839,79.18271637,228.9746958,229.0619048,0.999619278
51:05.3,902,1752,35,8.09606457,44.12674713,183.4729523,183.5428571,0.999619136
51:06.3,903,1752,35,8.09606457,44.12674713,183.4729523,183.5428571,0.999619136
51:07.3,904,1974.25,41,14.18797493,68.62467957,206.7474124,206.8261905,0.99961911
51:08.3,905,1974.25,41,14.18797493,68.62467957,206.7474124,206.8261905,0.99961911
51:09.3,906,2203.75,45,10.32083511,44.72130966,230.7811464,230.8690476,0.999619259
51:10.3,907,2203.75,45,10.32083511,44.72130966,230.7811464,230.8690476,0.999619259
51:11.3,908,2292.25,48,7.99360132,33.29986954,240.0490281,240.1404762,0.999619189
51:12.3,909,2292.25,48,7.99360132,33.29986954,240.0490281,240.1404762,0.999619189
51:13.3,910,2207.75,44,7.99360132,33.29986954,240.0490281,231.2880952,1.037878875
51:14.3,911,2207.75,44,7.99360132,33.29986954,240.0490281,231.2880952,1.037878875
51:15.3,912,1852.75,37,-,-,#VALUE!,194.097619,#VALUE!
51:16.3,913,1852.75,37,-,-,#VALUE!,194.097619,#VALUE!
51:17.3,914,1330.25,26,-,-,#VALUE!,139.3595238,#VALUE!
51:18.3,915,1330.25,26,-,-,#VALUE!,139.3595238,#VALUE!
51:19.3,916,817,16,-,-,#VALUE!,85.59047619,#VALUE!
51:20.3,917,817,16,-,-,#VALUE!,85.59047619,#VALUE!
51:21.3,918,765,16,-,-,#VALUE!,80.14285714,#VALUE!
51:22.3,919,765,16,-,-,#VALUE!,80.14285714,#VALUE!
51:23.3,920,1029.25,21,5.91376019,54.86619568,107.7851328,107.8261905,0.999619224
51:24.3,921,1029.25,21,5.91376019,54.86619568,107.7851328,107.8261905,0.999619224
51:25.3,922,1261.75,26,7.31417131,55.35461426,132.1330012,132.1833333,0.999619224
51:26.3,923,1261.75,26,7.31417131,55.35461426,132.1330012,132.1833333,0.999619224
51:27.3,924,1517.75,32,11.07354259,69.67041016,158.9418315,159.002381,0.999619191
51:28.3,925,1517.75,32,11.07354259,69.67041016,158.9418315,159.002381,0.999619191
51:29.3,926,1827.25,38,12.13282585,63.4053688,191.3532888,191.4261905,0.999619166
51:30.3,927,1827.25,38,12.13282585,63.4053688,191.3532888,191.4261905,0.999619166
51:31.3,928,1848,38,12.13282585,63.4053688,191.3532888,193.6,0.988395087
51:32.3,929,1848,38,12.13282585,63.4053688,191.3532888,193.6,0.988395087
51:33.3,930,1477.25,39,2.0763731,13.42188263,154.7005854,154.7595238,0.999619161
51:34.3,931,1403.75,39,2.0763731,13.42188263,154.7005854,147.0595238,1.051958971
51:35.3,932,1403.75,39,2.0763731,13.42188263,154.7005854,147.0595238,1.051958971
51:36.3,933,1501.5,41,4.56834555,29.05330849,157.2401144,157.3,0.99961929
51:37.3,934,1501.5,41,4.56834555,29.05330849,157.2401144,157.3,0.99961929
51:38.3,935,1594.25,44,7.20529032,43.15758133,166.9530613,167.0166667,0.999619167
51:39.3,936,1594.25,44,7.20529032,43.15758133,166.9530613,167.0166667,0.999619167
51:40.3,937,1538.5,41,7.20529032,43.15758133,166.9530613,161.1761905,1.035841961
51:41.3,938,1538.5,41,7.20529032,43.15758133,166.9530613,161.1761905,1.035841961
51:42.3,939,1508,40,-,-,#VALUE!,157.9809524,#VALUE!
51:43.3,940,1508,40,-,-,#VALUE!,157.9809524,#VALUE!
51:44.3,941,1457,39,-,-,#VALUE!,152.6380952,#VALUE!
51:45.3,942,1457,39,-,-,#VALUE!,152.6380952,#VALUE!
51:46.3,943,1380,37,-,-,#VALUE!,144.5714286,#VALUE!
51:47.3,944,1380,37,-,-,#VALUE!,144.5714286,#VALUE!
51:48.3,945,1376.5,37,-,-,#VALUE!,144.2047619,#VALUE!
51:49.3,946,1376.5,37,-,-,#VALUE!,144.2047619,#VALUE!
51:50.3,947,1363.5,37,-,-,#VALUE!,142.8428571,#VALUE!
51:51.3,948,1363.5,37,-,-,#VALUE!,142.8428571,#VALUE!
51:52.3,949,1360.5,38,2.12141442,14.88980484,142.4742932,142.5285714,0.999619176
51:53.3,950,1360.5,38,2.12141442,14.88980484,142.4742932,142.5285714,0.999619176
51:54.3,951,1506.5,40,4.4661355,28.30901718,157.7637073,157.8238095,0.999619181
51:55.3,952,1506.5,40,4.4661355,28.30901718,157.7637073,157.8238095,0.999619181
51:56.3,953,1592.25,44,9.84076309,59.01733017,166.7436169,166.8071429,0.999619165
51:57.3,954,1592.25,44,9.84076309,59.01733017,166.7436169,166.8071429,0.999619165
51:58.3,955,1561,43,9.84076309,59.01733017,166.7436169,163.5333333,1.019630759
51:59.3,956,1578.5,43,9.84076309,59.01733017,166.7436169,165.3666667,1.008326649
52:00.3,957,1578.5,41,-,-,#VALUE!,165.3666667,#VALUE!
52:01.3,958,1624.5,41,-,-,#VALUE!,170.1857143,#VALUE!
52:02.3,959,1624.5,44,7.14392281,41.99320984,170.1209038,170.1857143,0.999619178
52:03.3,960,1669,45,2.52394009,14.44058418,174.781024,174.847619,0.999619125
52:04.3,961,1669,45,2.52394009,14.44058418,174.781024,174.847619,0.999619125
52:05.3,962,1637,43,2.52394009,14.44058418,174.781024,171.4952381,1.019159633
52:06.3,963,1637,43,2.52394009,14.44058418,174.781024,171.4952381,1.019159633
52:07.3,964,1394.5,43,2.52394009,14.44058418,174.781024,146.0904762,1.196388899
52:08.3,965,1394.5,36,-,-,#VALUE!,146.0904762,#VALUE!
52:09.3,966,1031.75,36,-,-,#VALUE!,108.0880952,#VALUE!
52:10.3,967,1031.75,27,-,-,#VALUE!,108.0880952,#VALUE!
52:11.3,968,889.75,19,-,-,#VALUE!,93.21190476,#VALUE!
52:12.3,969,889.75,19,-,-,#VALUE!,93.21190476,#VALUE!
52:13.3,970,949.25,19,-,-,#VALUE!,99.4452381,#VALUE!
52:14.3,971,949.25,19,-,-,#VALUE!,99.4452381,#VALUE!
52:15.3,972,1118.5,22,3.68837595,31.48917198,117.1315636,117.1761905,0.999619147
52:16.3,973,1118.5,22,3.68837595,31.48917198,117.1315636,117.1761905,0.999619147
52:17.3,974,1325,28,9.52658558,68.65677643,138.7566687,138.8095238,0.999619226
52:18.3,975,1325,28,9.52658558,68.65677643,138.7566687,138.8095238,0.999619226
52:19.3,976,1531.5,32,7.28896189,45.44757843,160.381744,160.4428571,0.999619097
52:20.3,977,1531.5,32,7.28896189,45.44757843,160.381744,160.4428571,0.999619097
52:21.3,978,1782,37,10.36544228,55.54463959,186.6146285,186.6857143,0.999619222
52:22.3,979,1782,37,10.36544228,55.54463959,186.6146285,186.6857143,0.999619222
52:23.3,980,1993,41,9.15557671,43.86725235,208.7109682,208.7904762,0.999619197
52:24.3,981,1993,41,9.15557671,43.86725235,208.7109682,208.7904762,0.999619197
52:25.3,982,1537,41,9.15557671,43.86725235,208.7109682,161.0190476,1.296188068
52:26.3,983,1537,41,9.15557671,43.86725235,208.7109682,161.0190476,1.296188068
52:27.3,984,1575.75,43,4.84364939,29.35265732,165.0157033,165.0785714,0.999619162
52:28.3,985,1575.75,43,4.84364939,29.35265732,165.0157033,165.0785714,0.999619162
52:29.3,986,1562.25,43,4.84364939,29.35265732,165.0157033,163.6642857,1.008257254
52:30.3,987,1562.25,43,4.84364939,29.35265732,165.0157033,163.6642857,1.008257254
52:31.3,988,1143.75,35,-,-,#VALUE!,119.8214286,#VALUE!
52:32.3,989,1143.75,35,-,-,#VALUE!,119.8214286,#VALUE!
52:33.3,990,804.25,30,-,-,#VALUE!,84.2547619,#VALUE!
52:34.3,991,804.25,30,-,-,#VALUE!,84.2547619,#VALUE!
52:35.3,992,781.25,25,-,-,#VALUE!,81.8452381,#VALUE!
52:36.3,993,781.25,25,-,-,#VALUE!,81.8452381,#VALUE!
52:37.3,994,785.25,21,-,-,#VALUE!,82.26428571,#VALUE!
52:38.3,995,785.25,21,-,-,#VALUE!,82.26428571,#VALUE!
52:39.3,996,789.25,15,-,-,#VALUE!,82.68333333,#VALUE!
52:40.3,997,778,15,-,-,#VALUE!,81.5047619,#VALUE!
52:41.3,998,778,5,-,-,#VALUE!,81.5047619,#VALUE!
52:42.3,999,805,5,-,-,#VALUE!,84.33333333,#VALUE!
52:43.3,1000,805,0,-,-,#VALUE!,84.33333333,#VALUE!
52:44.3,1001,1308.5,4,0.89507776,6.53204346,137.0287515,137.0809524,0.999619197
52:45.3,1002,1308.5,4,0.89507776,6.53204346,137.0287515,137.0809524,0.999619197
52:46.3,1003,1633,11,4.22228527,24.69013214,171.0110438,171.0761905,0.999619195
52:47.3,1004,1633,11,4.22228527,24.69013214,171.0110438,171.0761905,0.999619195
52:48.3,1005,1981.5,13,1.45074403,6.99131298,207.5066635,207.5857143,0.99961919
52:49.3,1006,1981.5,13,1.45074403,6.99131298,207.5066635,207.5857143,0.99961919
52:50.3,1007,1158.5,16,2.68523335,22.13339615,121.3204396,121.3666667,0.999619112
52:51.3,1008,1158.5,16,2.68523335,22.13339615,121.3204396,121.3666667,0.999619112
52:52.3,1009,1734.25,25,12.4900074,68.7722168,181.6141457,181.6833333,0.999619185
52:53.3,1010,1734.25,25,12.4900074,68.7722168,181.6141457,181.6833333,0.999619185
52:54.3,1011,2248,29,6.70817471,28.4950943,235.4150732,235.5047619,0.999619164
52:55.3,1012,2248,29,6.70817471,28.4950943,235.4150732,235.5047619,0.999619164
52:56.3,1013,1424.75,29,6.70817471,28.4950943,235.4150732,149.2595238,1.577219779
52:57.3,1014,1424.75,29,6.70817471,28.4950943,235.4150732,149.2595238,1.577219779
52:58.3,1015,1475.25,30,1.6559732,10.71888733,154.4911472,154.55,0.999619199
52:59.3,1016,1475.25,30,1.6559732,10.71888733,154.4911472,154.55,0.999619199
53:00.3,1017,1526.25,31,1.73511112,10.85584545,159.8319659,159.8928571,0.999619175
53:01.3,1018,1526.25,31,1.73511112,10.85584545,159.8319659,159.8928571,0.999619175
53:02.3,1019,1684.75,34,5.86091185,33.21939468,176.4304228,176.497619,0.99961928
53:03.3,1020,1684.75,34,5.86091185,33.21939468,176.4304228,176.497619,0.99961928
53:04.3,1021,1642.25,34,5.86091185,33.21939468,176.4304228,172.0452381,1.025488556
53:05.3,1022,1642.25,34,5.86091185,33.21939468,176.4304228,172.0452381,1.025488556
53:06.3,1023,1501,31,-,-,#VALUE!,157.247619,#VALUE!
53:07.3,1024,1207.75,31,-,-,#VALUE!,126.5261905,#VALUE!
53:08.3,1025,1207.75,25,-,-,#VALUE!,126.5261905,#VALUE!
53:09.3,1026,1219.5,25,-,-,#VALUE!,127.7571429,#VALUE!
53:10.3,1027,1219.5,25,-,-,#VALUE!,127.7571429,#VALUE!
53:11.3,1028,1404.75,25,-,-,#VALUE!,147.1642857,#VALUE!
53:12.3,1029,1404.75,29,6.41293192,43.59328461,147.1082525,147.1642857,0.999619247
53:13.3,1030,1168.25,29,6.41293192,43.59328461,147.1082525,122.3880952,1.201981714
53:14.3,1031,1168.25,29,6.41293192,43.59328461,147.1082525,122.3880952,1.201981714
53:15.3,1032,757.5,25,-,-,#VALUE!,79.35714286,#VALUE!
53:16.3,1033,757.5,25,-,-,#VALUE!,79.35714286,#VALUE!
53:17.3,1034,768.25,20,-,-,#VALUE!,80.48333333,#VALUE!
53:18.3,1035,768.25,20,-,-,#VALUE!,80.48333333,#VALUE!
53:19.3,1036,813.5,12,-,-,#VALUE!,85.22380952,#VALUE!
53:20.3,1037,813.5,12,-,-,#VALUE!,85.22380952,#VALUE!
53:21.3,1038,784.25,2,-,-,#VALUE!,82.15952381,#VALUE!
53:22.3,1039,784.25,2,-,-,#VALUE!,82.15952381,#VALUE!
53:23.3,1040,726.5,0,-,-,#VALUE!,76.10952381,#VALUE!
53:24.3,1041,726.5,0,-,-,#VALUE!,76.10952381,#VALUE!
53:25.3,1042,669,0,-,-,#VALUE!,70.08571429,#VALUE!
53:26.3,1043,669,0,-,-,#VALUE!,70.08571429,#VALUE!
53:27.3,1044,677,0,-,-,#VALUE!,70.92380952,#VALUE!
53:28.3,1045,677,0,-,-,#VALUE!,70.92380952,#VALUE!
53:29.3,1046,679,0,-,-,#VALUE!,71.13333333,#VALUE!
53:30.3,1047,679,0,-,-,#VALUE!,71.13333333,#VALUE!
53:31.3,1048,675,0,-,-,#VALUE!,70.71428571,#VALUE!
53:32.3,1049,675,0,-,-,#VALUE!,70.71428571,#VALUE!
53:33.3,1050,676,0,-,-,#VALUE!,70.81904762,#VALUE!
53:34.3,1051,672.75,0,-,-,#VALUE!,70.47857143,#VALUE!
53:35.3,1052,672.75,0,-,-,#VALUE!,70.47857143,#VALUE!
53:36.3,1053,674.25,0,-,-,#VALUE!,70.63571429,#VALUE!
53:37.3,1054,674.25,0,-,-,#VALUE!,70.63571429,#VALUE!
53:38.3,1055,678,0,-,-,#VALUE!,71.02857143,#VALUE!
53:39.3,1056,678,0,-,-,#VALUE!,71.02857143,#VALUE!
53:40.3,1057,671.75,0,-,-,#VALUE!,70.37380952,#VALUE!
53:41.3,1058,671.75,0,-,-,#VALUE!,70.37380952,#VALUE!
53:42.3,1059,665,0,-,-,#VALUE!,69.66666667,#VALUE!
53:43.3,1060,665,0,-,-,#VALUE!,69.66666667,#VALUE!
53:44.3,1061,671.75,0,-,-,#VALUE!,70.37380952,#VALUE!
53:45.3,1062,671.75,0,-,-,#VALUE!,70.37380952,#VALUE!
53:46.3,1063,668,0,-,-,#VALUE!,69.98095238,#VALUE!
53:47.3,1064,668,0,-,-,#VALUE!,69.98095238,#VALUE!
53:48.3,1065,683.5,0,-,-,#VALUE!,71.6047619,#VALUE!
53:49.3,1066,683.5,0,-,-,#VALUE!,71.6047619,#VALUE!
53:50.3,1067,676.25,0,-,-,#VALUE!,70.8452381,#VALUE!
53:51.3,1068,676.25,0,-,-,#VALUE!,70.8452381,#VALUE!
53:52.3,1069,683.25,0,-,-,#VALUE!,71.57857143,#VALUE!
53:53.3,1070,683.25,0,-,-,#VALUE!,71.57857143,#VALUE!
53:54.3,1071,679,0,-,-,#VALUE!,71.13333333,#VALUE!
53:55.3,1072,679,0,-,-,#VALUE!,71.13333333,#VALUE!
53:56.3,1073,675.75,0,-,-,#VALUE!,70.79285714,#VALUE!
53:57.3,1074,675.75,0,-,-,#VALUE!,70.79285714,#VALUE!
53:58.3,1075,674.5,0,-,-,#VALUE!,70.66190476,#VALUE!
53:59.3,1076,674.5,0,-,-,#VALUE!,70.66190476,#VALUE!
54:00.3,1077,678,0,-,-,#VALUE!,71.02857143,#VALUE!
54:01.3,1078,678,0,-,-,#VALUE!,71.02857143,#VALUE!
54:02.3,1079,674,0,-,-,#VALUE!,70.60952381,#VALUE!
54:03.3,1080,674,0,-,-,#VALUE!,70.60952381,#VALUE!
54:04.3,1081,670,0,-,-,#VALUE!,70.19047619,#VALUE!
54:05.3,1082,670,0,-,-,#VALUE!,70.19047619,#VALUE!
54:06.3,1083,671.5,0,-,-,#VALUE!,70.34761905,#VALUE!
54:07.3,1084,671.5,0,-,-,#VALUE!,70.34761905,#VALUE!
54:08.3,1085,681,0,-,-,#VALUE!,71.34285714,#VALUE!
54:09.3,1086,681,0,-,-,#VALUE!,71.34285714,#VALUE!
54:10.3,1087,681.5,0,-,-,#VALUE!,71.3952381,#VALUE!
54:11.3,1088,681.5,0,-,-,#VALUE!,71.3952381,#VALUE!
54:12.3,1089,856.25,0,-,-,#VALUE!,89.70238095,#VALUE!
54:13.3,1090,856.25,0,-,-,#VALUE!,89.70238095,#VALUE!
54:14.3,1091,1597,2,0.20430203,1.22160208,167.2410627,167.3047619,0.999619262
54:15.3,1092,1597,2,0.20430203,1.22160208,167.2410627,167.3047619,0.999619262
54:16.3,1093,896.25,4,0.44615254,4.75353003,93.85709929,93.89285714,0.999619163
54:17.3,1094,896.25,4,0.44615254,4.75353003,93.85709929,93.89285714,0.999619163
54:18.3,1095,1954.75,13,6.12646055,29.92819023,204.7053465,204.7833333,0.999619174
54:19.3,1096,1954.75,13,6.12646055,29.92819023,204.7053465,204.7833333,0.999619174
54:20.3,1097,1082.5,15,1.66277182,14.66786194,113.3615674,113.4047619,0.999619112
54:21.3,1098,1082.5,15,1.66277182,14.66786194,113.3615674,113.4047619,0.999619112
54:22.3,1099,1575.75,22,8.70984459,52.78190994,165.0157147,165.0785714,0.999619231
54:23.3,1100,1575.75,22,8.70984459,52.78190994,165.0157147,165.0785714,0.999619231
54:24.3,1101,1803,25,4.12727833,21.85898781,188.8137898,188.8857143,0.999619217
54:25.3,1102,1803,25,4.12727833,21.85898781,188.8137898,188.8857143,0.999619217
54:26.3,1103,1764.5,24,4.12727833,21.85898781,188.8137898,184.852381,1.021430121
54:27.3,1104,1764.5,24,4.12727833,21.85898781,188.8137898,184.852381,1.021430121
54:28.3,1105,1869.75,25,1.38992083,7.0985322,195.8039762,195.8785714,0.999619176
54:29.3,1106,1662.75,25,1.38992083,7.0985322,195.8039762,174.1928571,1.124064324
54:30.3,1107,1662.75,24,1.38992083,7.0985322,195.8039762,174.1928571,1.124064324
54:31.3,1108,1949.75,24,1.38992083,7.0985322,195.8039762,204.2595238,0.9586039
54:32.3,1109,1949.75,27,4.44162464,21.75329018,204.18174,204.2595238,0.999619191
54:33.3,1110,1459.5,27,4.44162464,21.75329018,204.18174,152.9,1.335393983
54:34.3,1111,1459.5,30,4.74486256,31.0442791,152.8417698,152.9,0.999619162
54:35.3,1112,1682.75,30,4.74486256,31.0442791,152.8417698,176.2880952,0.86699995
54:36.3,1113,1682.75,35,9.82552433,55.75684357,176.2209569,176.2880952,0.999619156
54:37.3,1114,1772,39,8.96852493,48.33028412,185.5673951,185.6380952,0.999619151
54:38.3,1115,1772,39,8.96852493,48.33028412,185.5673951,185.6380952,0.999619151
54:39.3,1116,1443,39,8.96852493,48.33028412,185.5673951,151.1714286,1.227529546
54:40.3,1117,1443,39,8.96852493,48.33028412,185.5673951,151.1714286,1.227529546
54:41.3,1118,1468.25,40,2.34199762,15.2317028,153.7580959,153.8166667,0.999619217
54:42.3,1119,1468.25,40,2.34199762,15.2317028,153.7580959,153.8166667,0.999619217
54:43.3,1120,1364.25,37,2.34199762,15.2317028,153.7580959,142.9214286,1.075822551
54:44.3,1121,1364.25,37,2.34199762,15.2317028,153.7580959,142.9214286,1.075822551
54:45.3,1122,1476,40,6.79400349,43.95430756,154.5696854,154.6285714,0.999619177
54:46.3,1123,1476,40,6.79400349,43.95430756,154.5696854,154.6285714,0.999619177
54:47.3,1124,1514,41,2.29958987,14.5039587,158.5491187,158.6095238,0.999619159
54:48.3,1125,1514,41,2.29958987,14.5039587,158.5491187,158.6095238,0.999619159
54:49.3,1126,1443.75,39,2.29958987,14.5039587,158.5491187,151.25,1.048258636
54:50.3,1127,1443.75,39,2.29958987,14.5039587,158.5491187,151.25,1.048258636
54:51.3,1128,1294.5,34,-,-,#VALUE!,135.6142857,#VALUE!
54:52.3,1129,1294.5,34,-,-,#VALUE!,135.6142857,#VALUE!
54:53.3,1130,1113,30,-,-,#VALUE!,116.6,#VALUE!
54:54.3,1131,1023,30,-,-,#VALUE!,107.1714286,#VALUE!
54:55.3,1132,1023,28,-,-,#VALUE!,107.1714286,#VALUE!
54:56.3,1133,1121.25,28,-,-,#VALUE!,117.4642857,#VALUE!
54:57.3,1134,1121.25,31,5.17850399,44.10256958,117.4195526,117.4642857,0.999619177
54:58.3,1135,1234.25,34,5.75379276,44.51568985,129.2531415,129.302381,0.999619192
54:59.3,1136,1234.25,34,5.75379276,44.51568985,129.2531415,129.302381,0.999619192
55:00.3,1137,1365.75,37,6.17443323,43.17058182,143.0240912,143.0785714,0.999619228
55:01.3,1138,1365.75,37,6.17443323,43.17058182,143.0240912,143.0785714,0.999619228
55:02.3,1139,1212.75,40,6.85508013,53.97632599,127.0016068,127.05,0.999619101
55:03.3,1140,1212.75,40,6.85508013,53.97632599,127.0016068,127.05,0.999619101
55:04.3,1141,1583,42,4.75829601,28.70334816,165.7749467,165.8380952,0.999619215
55:05.3,1142,1583,42,4.75829601,28.70334816,165.7749467,165.8380952,0.999619215
55:06.3,1143,1646.75,46,10.32548141,59.87488174,172.4509696,172.5166667,0.999619184
55:07.3,1144,1646.75,46,10.32548141,59.87488174,172.4509696,172.5166667,0.999619184
55:08.3,1145,1629.25,45,10.32548141,59.87488174,172.4509696,170.6833333,1.010356232
55:09.3,1146,1629.25,45,10.32548141,59.87488174,172.4509696,170.6833333,1.010356232
55:10.3,1147,1558.25,42,-,-,#VALUE!,163.2452381,#VALUE!
55:11.3,1148,1558.25,42,-,-,#VALUE!,163.2452381,#VALUE!
55:12.3,1149,1361,36,-,-,#VALUE!,142.5809524,#VALUE!
55:13.3,1150,1361,36,-,-,#VALUE!,142.5809524,#VALUE!
55:14.3,1151,1158.75,31,-,-,#VALUE!,121.3928571,#VALUE!
55:15.3,1152,1158.75,31,-,-,#VALUE!,121.3928571,#VALUE!
55:16.3,1153,1033.5,27,-,-,#VALUE!,108.2714286,#VALUE!
55:17.3,1154,1033.5,27,-,-,#VALUE!,108.2714286,#VALUE!
55:18.3,1155,833.25,22,-,-,#VALUE!,87.29285714,#VALUE!
55:19.3,1156,710,22,-,-,#VALUE!,74.38095238,#VALUE!
55:20.3,1157,710,19,-,-,#VALUE!,74.38095238,#VALUE!
55:21.3,1158,933.5,19,-,-,#VALUE!,97.7952381,#VALUE!
55:22.3,1159,933.5,16,-,-,#VALUE!,97.7952381,#VALUE!
55:23.3,1160,650.25,13,-,-,#VALUE!,68.12142857,#VALUE!
55:24.3,1161,650.25,13,-,-,#VALUE!,68.12142857,#VALUE!
55:25.3,1162,685.25,14,0.78604269,10.9536581,71.76074722,71.78809524,0.999619045
55:26.3,1163,685.25,14,0.78604269,10.9536581,71.76074722,71.78809524,0.999619045
55:27.3,1164,784.25,15,0.8519302,10.37317085,82.12823372,82.15952381,0.999619154
55:28.3,1165,784.25,15,0.8519302,10.37317085,82.12823372,82.15952381,0.999619154
55:29.3,1166,782,16,0.79612821,9.72161198,81.89261325,81.92380952,0.999619204
55:30.3,1167,782,16,0.79612821,9.72161198,81.89261325,81.92380952,0.999619204
55:31.3,1168,999.75,20,4.45692396,42.57021332,104.6958334,104.7357143,0.999619223
55:32.3,1169,999.75,20,4.45692396,42.57021332,104.6958334,104.7357143,0.999619223
55:33.3,1170,1066.25,21,1.20154536,10.76076412,111.6598549,111.702381,0.999619291
55:34.3,1171,1066.25,21,1.20154536,10.76076412,111.6598549,111.702381,0.999619291
55:35.3,1172,1134,23,2.53786421,21.37063026,118.7547667,118.8,0.999619248
55:36.3,1173,1134,23,2.53786421,21.37063026,118.7547667,118.8,0.999619248
55:37.3,1174,1372.25,28,7.73578358,53.83108521,143.7047674,143.7595238,0.999619111
55:38.3,1175,1372.25,28,7.73578358,53.83108521,143.7047674,143.7595238,0.999619111
55:39.3,1176,1411.5,31,4.94891548,33.48044205,147.8151176,147.8714286,0.99961919
55:40.3,1177,1411.5,31,4.94891548,33.48044205,147.8151176,147.8714286,0.99961919
55:41.3,1178,1524.5,32,1.79760218,11.25973606,159.6486961,159.7095238,0.999619135
55:42.3,1179,1524.5,32,1.79760218,11.25973606,159.6486961,159.7095238,0.999619135
55:43.3,1180,1646.5,34,3.70059228,21.46206665,172.4247874,172.4904762,0.999619175
55:44.3,1181,1646.5,34,3.70059228,21.46206665,172.4247874,172.4904762,0.999619175
55:45.3,1182,1799.5,37,6.10216188,32.38127518,188.4472383,188.5190476,0.999619087
55:46.3,1183,1799.5,37,6.10216188,32.38127518,188.4472383,188.5190476,0.999619087
55:47.3,1184,1376.5,37,6.10216188,32.38127518,188.4472383,144.2047619,1.306803158
55:48.3,1185,1376.5,37,6.10216188,32.38127518,188.4472383,144.2047619,1.306803158
55:49.3,1186,1445.5,40,6.78688908,44.8347435,151.3756643,151.4333333,0.999619179
55:50.3,1187,1445.5,40,6.78688908,44.8347435,151.3756643,151.4333333,0.999619179
55:51.3,1188,1421.5,38,6.78688908,44.8347435,151.3756643,148.9190476,1.016496323
55:52.3,1189,1421.5,38,6.78688908,44.8347435,151.3756643,148.9190476,1.016496323
55:53.3,1190,1349.25,36,-,-,#VALUE!,141.35,#VALUE!
55:54.3,1191,1349.25,36,-,-,#VALUE!,141.35,#VALUE!
55:55.3,1192,1268.25,34,-,-,#VALUE!,132.8642857,#VALUE!
55:56.3,1193,1268.25,34,-,-,#VALUE!,132.8642857,#VALUE!
55:57.3,1194,1180.75,32,-,-,#VALUE!,123.697619,#VALUE!
55:58.3,1195,1180.75,32,-,-,#VALUE!,123.697619,#VALUE!
55:59.3,1196,1021.5,26,-,-,#VALUE!,107.0142857,#VALUE!
56:00.3,1197,1021.5,26,-,-,#VALUE!,107.0142857,#VALUE!
56:01.3,1198,1133,22,-,-,#VALUE!,118.6952381,#VALUE!
56:02.3,1199,1133,22,-,-,#VALUE!,118.6952381,#VALUE!
56:03.3,1200,1309,27,7.76535273,56.6478653,137.0811184,137.1333333,0.99961924
56:04.3,1201,1309,27,7.76535273,56.6478653,137.0811184,137.1333333,0.99961924
56:05.3,1202,1553.25,32,8.86356354,54.49153137,162.6594687,162.7214286,0.999619227
56:06.3,1203,1564.25,32,8.86356354,54.49153137,162.6594687,163.8738095,0.992589781
56:07.3,1204,1564.25,32,8.86356354,54.49153137,162.6594687,163.8738095,0.992589781
56:08.3,1205,1485.75,32,8.86356354,54.49153137,162.6594687,155.65,1.045033528
56:09.3,1206,1485.75,30,-,-,#VALUE!,155.65,#VALUE!
56:10.3,1207,1455,30,-,-,#VALUE!,152.4285714,#VALUE!
56:11.3,1208,1455,30,-,-,#VALUE!,152.4285714,#VALUE!
56:12.3,1209,1542.5,32,3.50409365,21.69264793,161.5336985,161.5952381,0.999619174
56:13.3,1210,1542.5,32,3.50409365,21.69264793,161.5336985,161.5952381,0.999619174
56:14.3,1211,1271.5,33,1.78419089,13.39945126,133.1540266,133.2047619,0.999619118
56:15.3,1212,1271.5,33,1.78419089,13.39945126,133.1540266,133.2047619,0.999619118
56:16.3,1213,1210.75,33,1.78419089,13.39945126,133.1540266,126.8404762,1.049775518
56:17.3,1214,1210.75,33,1.78419089,13.39945126,133.1540266,126.8404762,1.049775518
56:18.3,1215,1204.25,32,-,-,#VALUE!,126.1595238,#VALUE!
56:19.3,1216,1204.25,32,-,-,#VALUE!,126.1595238,#VALUE!
56:20.3,1217,1216,33,1.84609687,14.49716091,127.341959,127.3904762,0.999619146
56:21.3,1218,1216,33,1.84609687,14.49716091,127.341959,127.3904762,0.999619146
56:22.3,1219,1175.5,31,1.84609687,14.49716091,127.341959,123.147619,1.034059448
56:23.3,1220,1175.5,31,1.84609687,14.49716091,127.341959,123.147619,1.034059448
56:24.3,1221,1056.25,29,-,-,#VALUE!,110.6547619,#VALUE!
56:25.3,1222,1056.25,29,-,-,#VALUE!,110.6547619,#VALUE!
56:26.3,1223,1019.25,28,-,-,#VALUE!,106.7785714,#VALUE!
56:27.3,1224,1019.25,28,-,-,#VALUE!,106.7785714,#VALUE!
56:28.3,1225,956.25,26,-,-,#VALUE!,100.1785714,#VALUE!
56:29.3,1226,872.75,26,-,-,#VALUE!,91.43095238,#VALUE!
56:30.3,1227,872.75,23,-,-,#VALUE!,91.43095238,#VALUE!
56:31.3,1228,849,23,-,-,#VALUE!,88.94285714,#VALUE!
56:32.3,1229,849,23,-,-,#VALUE!,88.94285714,#VALUE!
56:33.3,1230,823.75,22,-,-,#VALUE!,86.29761905,#VALUE!
56:34.3,1231,823.75,22,-,-,#VALUE!,86.29761905,#VALUE!
56:35.3,1232,767.75,21,-,-,#VALUE!,80.43095238,#VALUE!
56:36.3,1233,767.75,21,-,-,#VALUE!,80.43095238,#VALUE!
56:37.3,1234,771.25,21,-,-,#VALUE!,80.79761905,#VALUE!
56:38.3,1235,771.25,21,-,-,#VALUE!,80.79761905,#VALUE!
56:39.3,1236,803.75,21,-,-,#VALUE!,84.20238095,#VALUE!
56:40.3,1237,803.75,21,-,-,#VALUE!,84.20238095,#VALUE!
56:41.3,1238,777.5,20,-,-,#VALUE!,81.45238095,#VALUE!
56:42.3,1239,777.5,20,-,-,#VALUE!,81.45238095,#VALUE!
56:43.3,1240,694,18,-,-,#VALUE!,72.7047619,#VALUE!
56:44.3,1241,694,18,-,-,#VALUE!,72.7047619,#VALUE!
56:45.3,1242,672.5,17,-,-,#VALUE!,70.45238095,#VALUE!
56:46.3,1243,672.5,17,-,-,#VALUE!,70.45238095,#VALUE!
56:47.3,1244,844.5,17,-,-,#VALUE!,88.47142857,#VALUE!
56:48.3,1245,844.5,17,-,-,#VALUE!,88.47142857,#VALUE!
56:49.3,1246,799.75,16,-,-,#VALUE!,83.78333333,#VALUE!
56:50.3,1247,799.75,16,-,-,#VALUE!,83.78333333,#VALUE!
56:51.3,1248,762.25,16,-,-,#VALUE!,79.8547619,#VALUE!
56:52.3,1249,762.25,16,-,-,#VALUE!,79.8547619,#VALUE!
56:53.3,1250,753.25,15,-,-,#VALUE!,78.91190476,#VALUE!
56:54.3,1251,753.25,15,-,-,#VALUE!,78.91190476,#VALUE!
56:55.3,1252,670,14,-,-,#VALUE!,70.19047619,#VALUE!
56:56.3,1253,670,14,-,-,#VALUE!,70.19047619,#VALUE!
56:57.3,1254,656.25,13,-,-,#VALUE!,68.75,#VALUE!
56:58.3,1255,656.25,13,-,-,#VALUE!,68.75,#VALUE!
56:59.3,1256,659,13,-,-,#VALUE!,69.03809524,#VALUE!
57:00.3,1257,659,13,-,-,#VALUE!,69.03809524,#VALUE!
57:01.3,1258,662.75,13,-,-,#VALUE!,69.43095238,#VALUE!
57:02.3,1259,662.75,13,-,-,#VALUE!,69.43095238,#VALUE!
57:03.3,1260,715.5,15,1.5358969,20.49814034,74.92859716,74.95714286,0.999619173
57:04.3,1261,715.5,15,1.5358969,20.49814034,74.92859716,74.95714286,0.999619173
57:05.3,1262,756.75,16,0.87735748,11.07098293,79.24838161,79.27857143,0.999619193
57:06.3,1263,756.75,16,0.87735748,11.07098293,79.24838161,79.27857143,0.999619193
57:07.3,1264,704.25,14,0.87735748,11.07098293,79.24838161,73.77857143,1.074138196
57:08.3,1265,704.25,14,0.87735748,11.07098293,79.24838161,73.77857143,1.074138196
57:09.3,1266,686.25,14,-,-,#VALUE!,71.89285714,#VALUE!
57:10.3,1267,686.25,14,-,-,#VALUE!,71.89285714,#VALUE!
57:11.3,1268,1117.25,12,-,-,#VALUE!,117.0452381,#VALUE!
57:12.3,1269,1117.25,12,-,-,#VALUE!,117.0452381,#VALUE!
57:13.3,1270,935,10,-,-,#VALUE!,97.95238095,#VALUE!
57:14.3,1271,935,10,-,-,#VALUE!,97.95238095,#VALUE!
57:15.3,1272,835.25,8,-,-,#VALUE!,87.50238095,#VALUE!
57:16.3,1273,835.25,8,-,-,#VALUE!,87.50238095,#VALUE!
57:17.3,1274,793.75,6,-,-,#VALUE!,83.1547619,#VALUE!
57:18.3,1275,793.75,6,-,-,#VALUE!,83.1547619,#VALUE!
57:19.3,1276,802,5,-,-,#VALUE!,84.01904762,#VALUE!
57:20.3,1277,802,5,-,-,#VALUE!,84.01904762,#VALUE!
57:21.3,1278,852.75,6,0.3221412,3.60733581,89.30169437,89.33571429,0.99961919
57:22.3,1279,852.75,6,0.3221412,3.60733581,89.30169437,89.33571429,0.99961919
57:23.3,1280,780,4,0.3221412,3.60733581,89.30169437,81.71428571,1.092852903
57:24.3,1281,780,4,0.3221412,3.60733581,89.30169437,81.71428571,1.092852903
57:25.3,1281,780,4,0.3221412,3.60733581,89.30169437,81.71428571,1.092852903
57:26.3,1281,780,4,0.3221412,3.60733581,89.30169437,81.71428571,1.092852903
57:27.3,1281,780,4,0.3221412,3.60733581,89.30169437,81.71428571,1.092852903
57:28.3,1281,780,4,0.3221412,3.60733581,89.30169437,81.71428571,1.092852903
57:29.3,1281,780,4,0.3221412,3.60733581,89.30169437,81.71428571,1.092852903
57:30.3,1281,780,4,0.3221412,3.60733581,89.30169437,81.71428571,1.092852903
57:31.3,1281,780,4,0.3221412,3.60733581,89.30169437,81.71428571,1.092852903
57:32.3,1281,780,4,0.3221412,3.60733581,89.30169437,81.71428571,1.092852903
57:33.3,1281,780,4,0.3221412,3.60733581,89.30169437,81.71428571,1.092852903
57:34.3,1281,780,4,0.3221412,3.60733581,89.30169437,81.71428571,1.092852903
57:35.3,1281,780,4,0.3221412,3.60733581,89.30169437,81.71428571,1.092852903
57:36.3,1281,780,4,0.3221412,3.60733581,89.30169437,81.71428571,1.092852903
